"Dataset","Model","Mean_WAIC","AICc","Num_Obs"
"2DRM7FWM.csv","exponential",-1.89085667868749,6.10914332131251,6
"2DRM7FWM.csv","weibull",-16.0821846276572,1.91781537234283,6
"2DRM7FWM.csv","gompertz_hazard",-16.8571748199172,1.1428251800828,6
"2DRM7FWM.csv","gompertz_survival",-17.1724965242764,0.827503475723557,6
"2DRM7FWM.csv","loglogistic",-12.9653119360459,5.03468806395411,6
"2DRM7FWM.csv","generalizedgamma",-16.9468270161503,31.0531729838497,6
"2DVV3DN4_1.csv","exponential",-3.9737354028881,4.0262645971119,6
"2DVV3DN4_1.csv","weibull",-20.9831868969982,-2.98318689699823,6
"2DVV3DN4_1.csv","gompertz_hazard",-21.2227667762022,-3.22276677620218,6
"2DVV3DN4_1.csv","gompertz_survival",-21.38059141331,-3.38059141330996,6
"2DVV3DN4_1.csv","loglogistic",-18.5514610365543,-0.551461036554251,6
"2DVV3DN4_1.csv","generalizedgamma",-21.3543168575616,26.6456831424384,6
"2DVV3DN4_2.csv","exponential",0.707204689437396,8.7072046894374,6
"2DVV3DN4_2.csv","weibull",-24.2000663056379,-6.20006630563794,6
"2DVV3DN4_2.csv","gompertz_hazard",-24.1977480217393,-6.1977480217393,6
"2DVV3DN4_2.csv","gompertz_survival",-24.1977480219838,-6.19774802198384,6
"2DVV3DN4_2.csv","loglogistic",-30.2082439974364,-12.2082439974364,6
"2JL6JPJI_1.csv","exponential",12.8368078033976,17.8368078033976,15
"2JL6JPJI_1.csv","weibull",-65.5709782827859,-57.3891601009678,15
"2JL6JPJI_1.csv","gompertz_hazard",-38.7003868804048,-30.5185686985866,15
"2JL6JPJI_1.csv","gompertz_survival",-51.8265701314688,-43.6447519496506,15
"2JL6JPJI_1.csv","loglogistic",-58.7899956048856,-50.6081774230674,15
"2JL6JPJI_1.csv","generalizedgamma",-65.8985659698951,-53.8985659698951,15
"2JL6JPJI_2.csv","exponential",11.3898637074049,16.3898637074049,15
"2JL6JPJI_2.csv","weibull",-54.5244546155524,-46.3426364337342,15
"2JL6JPJI_2.csv","gompertz_hazard",-46.5715217232039,-38.3897035413857,15
"2JL6JPJI_2.csv","gompertz_survival",-53.4683559784657,-45.2865377966475,15
"2JL6JPJI_2.csv","loglogistic",-51.9306292626442,-43.7488110808261,15
"2JL6JPJI_2.csv","generalizedgamma",-54.7021661350726,-42.7021661350726,15
"2RIUMKJR.csv","exponential",-3.43515289523291,3.56484710476709,7
"2RIUMKJR.csv","weibull",-31.2455190265955,-17.2455190265955,7
"2RIUMKJR.csv","gompertz_hazard",-30.4581367417268,-16.4581367417268,7
"2RIUMKJR.csv","gompertz_survival",-30.4581953313414,-16.4581953313414,7
"2RIUMKJR.csv","loglogistic",-33.3072418445572,-19.3072418445572,7
"2RIUMKJR.csv","generalizedgamma",-33.7964572431514,-5.79645724315139,7
"2WHSRREX.csv","exponential",1.37535595330884,6.08123830625002,20
"2WHSRREX.csv","weibull",-49.4476587603693,-41.9476587603693,20
"2WHSRREX.csv","gompertz_hazard",-47.5899245392879,-40.0899245392879,20
"2WHSRREX.csv","gompertz_survival",-47.5906985974661,-40.0906985974661,20
"2WHSRREX.csv","loglogistic",-52.9986424325092,-45.4986424325092,20
"2WHSRREX.csv","generalizedgamma",-50.4180004227301,-39.7513337560634,20
"2ZR3YCWG_1.csv","exponential",-3.24613625480627,2.46814945947945,10
"2ZR3YCWG_1.csv","weibull",-32.8652590262526,-22.8652590262526,10
"2ZR3YCWG_1.csv","gompertz_hazard",-33.1708806954924,-23.1708806954924,10
"2ZR3YCWG_1.csv","gompertz_survival",-34.0076093661454,-24.0076093661454,10
"2ZR3YCWG_1.csv","loglogistic",-27.9073821229617,-17.9073821229617,10
"2ZR3YCWG_1.csv","generalizedgamma",-34.054558289582,-18.054558289582,10
"2ZR3YCWG_2.csv","exponential",-2.03757020307275,3.96242979692725,9
"2ZR3YCWG_2.csv","weibull",-7.01082892231317,3.78917107768683,9
"2ZR3YCWG_2.csv","gompertz_hazard",-7.51014451359423,3.28985548640577,9
"2ZR3YCWG_2.csv","gompertz_survival",-7.45903101872888,3.34096898127112,9
"2ZR3YCWG_2.csv","loglogistic",-6.62724752227538,4.17275247772462,9
"2ZR3YCWG_2.csv","generalizedgamma",-7.24028602184998,10.75971397815,9
"2ZR3YCWG_3.csv","exponential",-4.79224699368223,3.20775300631777,6
"2ZR3YCWG_3.csv","weibull",-24.145007411301,-6.14500741130097,6
"2ZR3YCWG_3.csv","gompertz_hazard",-23.4500342341899,-5.4500342341899,6
"2ZR3YCWG_3.csv","gompertz_survival",-27.1710676097806,-9.17106760978055,6
"2ZR3YCWG_3.csv","loglogistic",-18.1614956087002,-0.161495608700243,6
"2ZR3YCWG_3.csv","generalizedgamma",-26.3938933916871,21.6061066083129,6
"3D39X359_1.csv","exponential",-0.811213587744644,5.18878641225536,9
"3D39X359_1.csv","weibull",-32.4971396104878,-21.6971396104878,9
"3D39X359_1.csv","gompertz_hazard",-31.6527875717199,-20.8527875717199,9
"3D39X359_1.csv","gompertz_survival",-31.6620198582815,-20.8620198582815,9
"3D39X359_1.csv","loglogistic",-43.6004079890583,-32.8004079890583,9
"3D39X359_1.csv","generalizedgamma",-32.4854547710164,-14.4854547710164,9
"3D39X359_2.csv","exponential",-6.47438138908402,-0.760095674798304,10
"3D39X359_2.csv","weibull",-31.1626858168081,-21.1626858168081,10
"3D39X359_2.csv","gompertz_hazard",-25.2257257699094,-15.2257257699094,10
"3D39X359_2.csv","gompertz_survival",-26.5367463784361,-16.5367463784361,10
"3D39X359_2.csv","loglogistic",-37.559739203387,-27.559739203387,10
"3D39X359_2.csv","generalizedgamma",-32.4977124896727,-16.4977124896727,10
"3D39X359_3.csv","exponential",-6.02758528475172,-0.527585284751717,11
"3D39X359_3.csv","weibull",-24.0686401088679,-14.6400686802965,11
"3D39X359_3.csv","gompertz_hazard",-20.4833887381047,-11.0548173095332,11
"3D39X359_3.csv","gompertz_survival",-20.8089672917741,-11.3803958632026,11
"3D39X359_3.csv","loglogistic",-30.4159645621287,-20.9873931335572,11
"3D39X359_3.csv","generalizedgamma",-24.0620654474551,-9.39539878078847,11
"3D39X359_4.csv","exponential",-11.1987261369822,-6.10781704607312,14
"3D39X359_4.csv","weibull",-42.8287296319073,-34.4287296319073,14
"3D39X359_4.csv","gompertz_hazard",-33.7621772713039,-25.3621772713039,14
"3D39X359_4.csv","gompertz_survival",-35.5909984910559,-27.1909984910559,14
"3D39X359_4.csv","loglogistic",-52.6097084538455,-44.2097084538455,14
"3D39X359_4.csv","generalizedgamma",-42.808259524649,-30.3638150802046,14
"3D39X359_5.csv","exponential",-20.0477939657854,-14.9568848748763,14
"3D39X359_5.csv","weibull",-53.3325362920988,-44.9325362920988,14
"3D39X359_5.csv","gompertz_hazard",-43.7592747447871,-35.3592747447871,14
"3D39X359_5.csv","gompertz_survival",-47.6621136951358,-39.2621136951358,14
"3D39X359_5.csv","loglogistic",-53.9840305125018,-45.5840305125018,14
"3D39X359_5.csv","generalizedgamma",-53.3010521729338,-40.8566077284894,14
"3D39X359_6.csv","exponential",-22.3951070293516,-17.7635280819832,22
"3D39X359_6.csv","weibull",-98.60814867838,-91.2748153450467,22
"3D39X359_6.csv","gompertz_hazard",-88.0912528778643,-80.757919544531,22
"3D39X359_6.csv","gompertz_survival",-95.5148361843891,-88.1815028510558,22
"3D39X359_6.csv","loglogistic",-75.569118795297,-68.2357854619637,22
"3D39X359_6.csv","generalizedgamma",-101.262055402566,-90.909114226095,22
"3R5CQ6F8.csv","exponential",-36.6402507065566,-32.2116792779851,31
"3R5CQ6F8.csv","weibull",-116.70870747487,-109.819818585982,31
"3R5CQ6F8.csv","gompertz_hazard",-98.6625333964709,-91.773644507582,31
"3R5CQ6F8.csv","gompertz_survival",-107.224999696234,-100.336110807346,31
"3R5CQ6F8.csv","loglogistic",-108.670392520648,-101.781503631759,31
"3R5CQ6F8.csv","generalizedgamma",-116.739055159043,-107.200593620581,31
"3X7F3DH4.csv","exponential",-15.6047413782045,-10.2714080448712,12
"3X7F3DH4.csv","weibull",-28.657237829941,-19.657237829941,12
"3X7F3DH4.csv","gompertz_hazard",-33.354589620077,-24.354589620077,12
"3X7F3DH4.csv","gompertz_survival",-32.8083329954555,-23.8083329954555,12
"3X7F3DH4.csv","loglogistic",-23.8233388676409,-14.8233388676409,12
"3X7F3DH4.csv","generalizedgamma",-30.4484711482531,-16.7341854339674,12
"4DL6XEZ8_1.csv","exponential",2.38136288878336,12.3813628887834,5
"4DL6XEZ8_1.csv","weibull",-12.3017856566324,17.6982143433676,5
"4DL6XEZ8_1.csv","gompertz_hazard",-12.9728715318983,17.0271284681017,5
"4DL6XEZ8_1.csv","gompertz_survival",-12.9586642696918,17.0413357303082,5
"4DL6XEZ8_1.csv","loglogistic",-17.1810132026922,12.8189867973078,5
"4DL6XEZ8_1.csv","generalizedgamma",-12.5828976533457,Inf,5
"4SCACQZH_1.csv","exponential",-2.28922914303105,2.91077085696895,13
"4SCACQZH_1.csv","weibull",-39.7015806175208,-31.0349139508542,13
"4SCACQZH_1.csv","gompertz_hazard",-40.998617739208,-32.3319510725414,13
"4SCACQZH_1.csv","gompertz_survival",-41.0053702724488,-32.3387036057821,13
"4SCACQZH_1.csv","loglogistic",-35.1520931114904,-26.4854264448237,13
"4SCACQZH_1.csv","generalizedgamma",-41.1416803570995,-28.1416803570995,13
"4SCACQZH_2.csv","exponential",-4.77599836282716,0.147078560249762,16
"4SCACQZH_2.csv","weibull",-83.4430159948441,-75.4430159948441,16
"4SCACQZH_2.csv","gompertz_hazard",-72.8970275753468,-64.8970275753468,16
"4SCACQZH_2.csv","gompertz_survival",-73.290102703849,-65.290102703849,16
"4SCACQZH_2.csv","loglogistic",-74.4615472463815,-66.4615472463815,16
"4SCACQZH_2.csv","generalizedgamma",-83.3641926560408,-71.7278290196771,16
"53R259IA.csv","exponential",-1.88261431565324,6.11738568434676,6
"53R259IA.csv","weibull",-25.9589644950305,-7.95896449503045,6
"53R259IA.csv","gompertz_hazard",-29.3967904046762,-11.3967904046762,6
"53R259IA.csv","gompertz_survival",-29.9298042099894,-11.9298042099894,6
"53R259IA.csv","loglogistic",-18.4486508766246,-0.448650876624573,6
"53R259IA.csv","generalizedgamma",-29.0616002453203,18.9383997546797,6
"575DA7SF_3.csv","exponential",-10.9779048860993,-4.97790488609934,9
"575DA7SF_3.csv","weibull",-15.2348304136831,-4.43483041368314,9
"575DA7SF_3.csv","gompertz_hazard",-21.3170394725874,-10.5170394725874,9
"575DA7SF_3.csv","gompertz_survival",-18.4514580473755,-7.65145804737549,9
"575DA7SF_3.csv","loglogistic",-14.16668916282,-3.36668916281996,9
"575DA7SF_3.csv","generalizedgamma",-16.1395059960998,1.86049400390016,9
"575DA7SF_4.csv","exponential",-11.4054058017617,-5.4054058017617,9
"575DA7SF_4.csv","weibull",-15.7289489785631,-4.92894897856311,9
"575DA7SF_4.csv","gompertz_hazard",-22.2533728154013,-11.4533728154013,9
"575DA7SF_4.csv","gompertz_survival",-18.9208509429605,-8.12085094296049,9
"575DA7SF_4.csv","loglogistic",-14.682201330725,-3.88220133072497,9
"575DA7SF_4.csv","generalizedgamma",-16.6062898898764,1.39371011012358,9
"575DA7SF_5.csv","exponential",-16.0765001082354,-9.07650010823541,7
"575DA7SF_5.csv","weibull",-17.1038667495173,-3.10386674951727,7
"575DA7SF_5.csv","gompertz_hazard",-14.4076293694653,-0.40762936946526,7
"575DA7SF_5.csv","gompertz_survival",-17.611942756558,-3.61194275655795,7
"575DA7SF_5.csv","loglogistic",-15.7467533703017,-1.74675337030174,7
"575DA7SF_5.csv","generalizedgamma",-17.3998144886398,10.6001855113602,7
"575DA7SF_6.csv","exponential",-16.6168069098052,-9.6168069098052,7
"575DA7SF_6.csv","weibull",-17.4135943083744,-3.41359430837437,7
"575DA7SF_6.csv","gompertz_hazard",-14.4842237942111,-0.484223794211125,7
"575DA7SF_6.csv","gompertz_survival",-17.89472732703,-3.89472732703,7
"575DA7SF_6.csv","loglogistic",-15.9999645365505,-1.99996453655046,7
"575DA7SF_6.csv","generalizedgamma",-17.7342597472026,10.2657402527974,7
"59XSYFHS.csv","exponential",2.49803151193042,8.21231722621613,10
"59XSYFHS.csv","weibull",2.49125005813765,12.4912500581377,10
"59XSYFHS.csv","gompertz_hazard",2.49127664024591,12.4912766402459,10
"59XSYFHS.csv","gompertz_survival",2.49125379450059,12.4912537945006,10
"59XSYFHS.csv","loglogistic",2.49125005831361,12.4912500583136,10
"5NVSCRNB_1.csv","exponential",-1.98686767442278,8.01313232557722,5
"5NVSCRNB_1.csv","weibull",-11.0503306854934,18.9496693145066,5
"5NVSCRNB_1.csv","gompertz_hazard",-10.7559561707262,19.2440438292737,5
"5NVSCRNB_1.csv","loglogistic",-12.0196143514694,17.9803856485306,5
"5NVSCRNB_1.csv","generalizedgamma",-11.1547404791299,Inf,5
"5NVSCRNB_2.csv","exponential",-1.98851855839112,8.01148144160888,5
"5NVSCRNB_2.csv","weibull",-11.2701902793368,18.7298097206632,5
"5NVSCRNB_2.csv","gompertz_hazard",-10.9410949130165,19.0589050869835,5
"5NVSCRNB_2.csv","loglogistic",-12.2883410324104,17.7116589675896,5
"5NVSCRNB_2.csv","generalizedgamma",-11.3886039304163,Inf,5
"72SE5ARY_1.csv","exponential",-50.999014484757,-46.3323478180904,21
"72SE5ARY_1.csv","weibull",-56.9831713908426,-49.5714066849602,21
"72SE5ARY_1.csv","gompertz_hazard",-44.2028895705152,-36.7911248646329,21
"72SE5ARY_1.csv","gompertz_survival",-54.5241407851548,-47.1123760792724,21
"72SE5ARY_1.csv","loglogistic",-61.1193270946452,-53.7075623887628,21
"72SE5ARY_1.csv","generalizedgamma",-56.9804475565629,-46.4804475565629,21
"72SE5ARY_2.csv","exponential",-56.3698057134704,-51.7031390468038,21
"72SE5ARY_2.csv","weibull",-57.4234415112356,-50.0116768053532,21
"72SE5ARY_2.csv","gompertz_hazard",-42.0468584366101,-34.6350937307278,21
"72SE5ARY_2.csv","gompertz_survival",-56.4779629339268,-49.0661982280444,21
"72SE5ARY_2.csv","loglogistic",-70.0666379074126,-62.6548732015302,21
"72SE5ARY_2.csv","generalizedgamma",-57.4209496404887,-46.9209496404887,21
"79KTQG42_1.csv","exponential",-26.5636784953895,-18.5636784953895,6
"79KTQG42_1.csv","weibull",-31.616274511891,-13.616274511891,6
"79KTQG42_1.csv","gompertz_hazard",-18.3039755612606,-0.303975561260607,6
"79KTQG42_1.csv","gompertz_survival",-30.3067811418155,-12.3067811418155,6
"79KTQG42_1.csv","loglogistic",-32.9665888647722,-14.9665888647722,6
"79KTQG42_1.csv","generalizedgamma",-31.6130089370291,16.3869910629709,6
"7BHF4LIC_1.csv","exponential",-10.1352121309091,-5.83521213090906,43
"7BHF4LIC_1.csv","weibull",-178.935504026826,-172.320119411442,43
"7BHF4LIC_1.csv","gompertz_hazard",-184.535140418274,-177.91975580289,43
"7BHF4LIC_1.csv","gompertz_survival",-183.924907587161,-177.309522971776,43
"7BHF4LIC_1.csv","loglogistic",-160.32709502484,-153.711710409455,43
"7BHF4LIC_1.csv","generalizedgamma",-185.591685338398,-176.53905375945,43
"7BHF4LIC_2.csv","exponential",6.63192052536599,10.9176348110803,45
"7BHF4LIC_2.csv","weibull",-220.51899979934,-213.933633945681,45
"7BHF4LIC_2.csv","gompertz_hazard",-219.364535230097,-212.779169376438,45
"7BHF4LIC_2.csv","gompertz_survival",-221.132095983022,-214.546730129364,45
"7BHF4LIC_2.csv","loglogistic",-160.926235071176,-154.340869217518,45
"7BHF4LIC_2.csv","generalizedgamma",-231.8446231439,-222.8446231439,45
"7BHF4LIC_3.csv","exponential",9.63866106411923,13.8177655417312,70
"7BHF4LIC_3.csv","weibull",-405.647904344333,-399.284267980697,70
"7BHF4LIC_3.csv","gompertz_hazard",-409.891679258304,-403.528042894668,70
"7BHF4LIC_3.csv","gompertz_survival",-414.364089693408,-408.000453329771,70
"7BHF4LIC_3.csv","loglogistic",-267.282507536825,-260.918871173188,70
"7BHF4LIC_3.csv","generalizedgamma",-448.970099841804,-440.354715226419,70
"7CJPGPP9_1.csv","exponential",-5.81473011153242,-0.614730111532419,13
"7CJPGPP9_1.csv","weibull",-50.1134611585975,-41.4467944919308,13
"7CJPGPP9_1.csv","gompertz_hazard",-45.5906585207134,-36.9239918540468,13
"7CJPGPP9_1.csv","gompertz_survival",-46.8222720272987,-38.155605360632,13
"7CJPGPP9_1.csv","loglogistic",-46.6225547013104,-37.9558880346438,13
"7CJPGPP9_1.csv","generalizedgamma",-50.1539265422837,-37.1539265422837,13
"7CJPGPP9_2.csv","exponential",-5.74045034053982,-0.540450340539824,13
"7CJPGPP9_2.csv","weibull",-60.4188540688888,-51.7521874022222,13
"7CJPGPP9_2.csv","gompertz_hazard",-49.0354143739901,-40.3687477073234,13
"7CJPGPP9_2.csv","gompertz_survival",-52.9689149665524,-44.3022482998858,13
"7CJPGPP9_2.csv","loglogistic",-47.4126749075716,-38.7460082409049,13
"7CJPGPP9_2.csv","generalizedgamma",-60.3996497606716,-47.3996497606716,13
"83ZYKHKT.csv","exponential",-12.2296853013046,-5.22968530130461,7
"83ZYKHKT.csv","weibull",-13.3498555853044,0.650144414695632,7
"83ZYKHKT.csv","gompertz_hazard",-11.3424594609545,2.6575405390455,7
"83ZYKHKT.csv","gompertz_survival",-13.6758991386189,0.324100861381128,7
"83ZYKHKT.csv","loglogistic",-12.4893847192652,1.51061528073476,7
"83ZYKHKT.csv","generalizedgamma",-13.5272226990553,14.4727773009447,7
"8C5XBCN2A.csv","exponential",-7.67110730185141,-1.27110730185141,8
"8C5XBCN2A.csv","weibull",-32.6464897094613,-20.6464897094613,8
"8C5XBCN2A.csv","gompertz_hazard",-31.8385062128257,-19.8385062128257,8
"8C5XBCN2A.csv","gompertz_survival",-38.1273061213443,-26.1273061213443,8
"8C5XBCN2A.csv","loglogistic",-23.9319709887848,-11.9319709887848,8
"8C5XBCN2A.csv","generalizedgamma",-36.149615562326,-14.8162822289926,8
"8C5XBCN2B.csv","exponential",-7.67110730185141,-1.27110730185141,8
"8C5XBCN2B.csv","weibull",-32.6464897094613,-20.6464897094613,8
"8C5XBCN2B.csv","gompertz_hazard",-31.8385062128257,-19.8385062128257,8
"8C5XBCN2B.csv","gompertz_survival",-38.1273061213443,-26.1273061213443,8
"8C5XBCN2B.csv","loglogistic",-23.9319709887848,-11.9319709887848,8
"8C5XBCN2B.csv","generalizedgamma",-36.149615562326,-14.8162822289926,8
"8VX95356.csv","exponential",-38.863267085614,-33.9401901625371,16
"8VX95356.csv","weibull",-50.5299116445768,-42.5299116445768,16
"8VX95356.csv","gompertz_hazard",-41.5098014643516,-33.5098014643516,16
"8VX95356.csv","gompertz_survival",-52.7151366022534,-44.7151366022534,16
"8VX95356.csv","loglogistic",-41.873895518638,-33.873895518638,16
"8VX95356.csv","generalizedgamma",-51.875583744493,-40.2392201081294,16
"8WWUNHQ2.csv","exponential",-22.9521159403866,-16.5521159403866,8
"8WWUNHQ2.csv","weibull",-36.1073091064442,-24.1073091064442,8
"8WWUNHQ2.csv","gompertz_hazard",-20.5240948245518,-8.52409482455178,8
"8WWUNHQ2.csv","gompertz_survival",-40.5922625319423,-28.5922625319423,8
"8WWUNHQ2.csv","loglogistic",-26.9663333771337,-14.9663333771337,8
"8WWUNHQ2.csv","generalizedgamma",-38.8272699677279,-17.4939366343946,8
"9HB7IP4W_1.csv","exponential",-71.3680018665233,-66.8225473210687,25
"9HB7IP4W_1.csv","weibull",-107.990975421106,-100.848118278249,25
"9HB7IP4W_1.csv","gompertz_hazard",-54.712468342315,-47.5696111994578,25
"9HB7IP4W_1.csv","gompertz_survival",-94.5363188310746,-87.3934616882175,25
"9HB7IP4W_1.csv","loglogistic",-111.30036264855,-104.157505505693,25
"9HB7IP4W_1.csv","generalizedgamma",-111.028596083899,-101.028596083899,25
"9HB7IP4W_10.csv","exponential",-20.8905172397898,-16.2589382924214,22
"9HB7IP4W_10.csv","weibull",-109.735644315974,-102.40231098264,22
"9HB7IP4W_10.csv","gompertz_hazard",-77.9229281072499,-70.5895947739166,22
"9HB7IP4W_10.csv","gompertz_survival",-98.7167655432439,-91.3834322099106,22
"9HB7IP4W_10.csv","loglogistic",-77.2818159991486,-69.9484826658152,22
"9HB7IP4W_10.csv","generalizedgamma",-115.997482512745,-105.644541336274,22
"9HB7IP4W_2.csv","exponential",-14.6337273126564,-9.54281822174732,14
"9HB7IP4W_2.csv","weibull",-67.3959808765209,-58.9959808765209,14
"9HB7IP4W_2.csv","gompertz_hazard",-54.2637131123148,-45.8637131123148,14
"9HB7IP4W_2.csv","gompertz_survival",-68.9268728302507,-60.5268728302507,14
"9HB7IP4W_2.csv","loglogistic",-48.8532418881602,-40.4532418881602,14
"9HB7IP4W_2.csv","generalizedgamma",-74.5662206325486,-62.1217761881042,14
"9HB7IP4W_3.csv","exponential",-44.4833526092946,-40.0033526092946,28
"9HB7IP4W_3.csv","weibull",-123.63221335559,-116.63221335559,28
"9HB7IP4W_3.csv","gompertz_hazard",-68.3577017965775,-61.3577017965775,28
"9HB7IP4W_3.csv","gompertz_survival",-96.4331037968594,-89.4331037968594,28
"9HB7IP4W_3.csv","loglogistic",-123.197419380315,-116.197419380315,28
"9HB7IP4W_3.csv","generalizedgamma",-126.319817987247,-116.580687552465,28
"9HB7IP4W_4.csv","exponential",-61.1842467471552,-56.7042467471552,28
"9HB7IP4W_4.csv","weibull",-99.2045800051075,-92.2045800051075,28
"9HB7IP4W_4.csv","gompertz_hazard",-74.5255233645907,-67.5255233645907,28
"9HB7IP4W_4.csv","gompertz_survival",-106.303901962826,-99.303901962826,28
"9HB7IP4W_4.csv","loglogistic",-82.7267118633068,-75.7267118633068,28
"9HB7IP4W_4.csv","generalizedgamma",-103.222445086071,-93.4833146512886,28
"9HB7IP4W_5.csv","exponential",-23.4655085591503,-18.7988418924836,21
"9HB7IP4W_5.csv","weibull",-101.006715833038,-93.5949511271555,21
"9HB7IP4W_5.csv","gompertz_hazard",-64.7938754361094,-57.3821107302271,21
"9HB7IP4W_5.csv","gompertz_survival",-75.7717533264049,-68.3599886205225,21
"9HB7IP4W_5.csv","loglogistic",-101.833659729075,-94.4218950231924,21
"9HB7IP4W_5.csv","generalizedgamma",-108.86304991156,-98.3630499115601,21
"9HB7IP4W_6.csv","exponential",-14.5762847132004,-10.0962847132004,28
"9HB7IP4W_6.csv","weibull",-119.412701619774,-112.412701619774,28
"9HB7IP4W_6.csv","gompertz_hazard",-99.7188317507373,-92.7188317507373,28
"9HB7IP4W_6.csv","gompertz_survival",-104.662755554287,-97.6627555542867,28
"9HB7IP4W_6.csv","loglogistic",-112.864480953036,-105.864480953036,28
"9HB7IP4W_6.csv","generalizedgamma",-119.513285996136,-109.774155561353,28
"9HB7IP4W_7.csv","exponential",-10.5300658085743,-5.3300658085743,13
"9HB7IP4W_7.csv","weibull",-58.1035311836195,-49.4368645169529,13
"9HB7IP4W_7.csv","gompertz_hazard",-42.2478992133872,-33.5812325467205,13
"9HB7IP4W_7.csv","gompertz_survival",-45.2564639202452,-36.5897972535786,13
"9HB7IP4W_7.csv","loglogistic",-85.6553652207096,-76.988698554043,13
"9HB7IP4W_7.csv","generalizedgamma",-58.0543332084799,-45.0543332084799,13
"9HB7IP4W_8.csv","exponential",-22.9144198594504,-18.1644198594504,19
"9HB7IP4W_8.csv","weibull",-90.7748144694068,-83.1748144694068,19
"9HB7IP4W_8.csv","gompertz_hazard",-54.5767066784584,-46.9767066784584,19
"9HB7IP4W_8.csv","gompertz_survival",-68.2143248031199,-60.6143248031198,19
"9HB7IP4W_8.csv","loglogistic",-85.5872733902748,-77.9872733902748,19
"9HB7IP4W_8.csv","generalizedgamma",-92.836848907908,-81.9797060507652,19
"9HB7IP4W_9.csv","exponential",-12.34580899269,-7.01247565935664,12
"9HB7IP4W_9.csv","weibull",-58.9484961462247,-49.9484961462247,12
"9HB7IP4W_9.csv","gompertz_hazard",-43.821831108325,-34.821831108325,12
"9HB7IP4W_9.csv","gompertz_survival",-51.6639042871572,-42.6639042871572,12
"9HB7IP4W_9.csv","loglogistic",-45.5320007474782,-36.5320007474782,12
"9HB7IP4W_9.csv","generalizedgamma",-59.9284545031169,-46.2141687888312,12
"9ZDIQQFT.csv","exponential",-0.491068929478514,7.50893107052149,6
"9ZDIQQFT.csv","weibull",-24.810270080666,-6.81027008066602,6
"9ZDIQQFT.csv","gompertz_hazard",-21.3943984071021,-3.39439840710213,6
"9ZDIQQFT.csv","loglogistic",-36.3527919999712,-18.3527919999712,6
"9ZDIQQFT.csv","generalizedgamma",-25.8685851117906,22.1314148882094,6
"A7LJPBWL_1.csv","exponential",-2.19110213329832,2.40889786670168,23
"A7LJPBWL_1.csv","weibull",-79.9175052093061,-72.6543473145693,23
"A7LJPBWL_1.csv","gompertz_hazard",-69.4257654815896,-62.1626075868527,23
"A7LJPBWL_1.csv","gompertz_survival",-70.2043428863958,-62.9411849916589,23
"A7LJPBWL_1.csv","loglogistic",-86.0103648714921,-78.7472069767553,23
"A7LJPBWL_1.csv","generalizedgamma",-83.5377001726635,-73.3154779504412,23
"ASXFW6GM_1.csv","exponential",-4.21742630556207,3.78257369443793,6
"ASXFW6GM_1.csv","weibull",-30.3334576997036,-12.3334576997036,6
"ASXFW6GM_1.csv","gompertz_hazard",-32.904610041699,-14.904610041699,6
"ASXFW6GM_1.csv","gompertz_survival",-32.9575431995387,-14.9575431995387,6
"ASXFW6GM_1.csv","loglogistic",-24.4338749371377,-6.43387493713766,6
"ASXFW6GM_1.csv","generalizedgamma",-32.527683526442,15.472316473558,6
"ASXFW6GM_2.csv","exponential",-7.93120702427046,2.06879297572954,5
"ASXFW6GM_2.csv","weibull",-60.8034248153346,-30.8034248153346,5
"ASXFW6GM_2.csv","gompertz_hazard",-60.8034047234344,-30.8034047234344,5
"ASXFW6GM_2.csv","gompertz_survival",-60.8034217502095,-30.8034217502095,5
"ASXFW6GM_2.csv","loglogistic",-60.8027974376925,-30.8027974376925,5
"ASXFW6GM_3.csv","exponential",-19.3339415118669,-14.0006081785336,12
"ASXFW6GM_3.csv","weibull",-19.9292392838387,-10.9292392838387,12
"ASXFW6GM_3.csv","gompertz_hazard",-26.0674874996957,-17.0674874996957,12
"ASXFW6GM_3.csv","gompertz_survival",-22.1343131420452,-13.1343131420452,12
"ASXFW6GM_3.csv","loglogistic",-16.8979555164934,-7.89795551649345,12
"ASXFW6GM_3.csv","generalizedgamma",-21.2902300653247,-7.57594435103902,12
"ASXFW6GM_4.csv","exponential",-8.63162146297693,-1.63162146297693,7
"ASXFW6GM_4.csv","weibull",-17.3168460103935,-3.3168460103935,7
"ASXFW6GM_4.csv","gompertz_hazard",-5.81531542881791,8.18468457118209,7
"ASXFW6GM_4.csv","gompertz_survival",-14.1313007705975,-0.131300770597498,7
"ASXFW6GM_4.csv","loglogistic",-16.6326923537057,-2.63269235370572,7
"ASXFW6GM_4.csv","generalizedgamma",-17.4822462292412,10.5177537707588,7
"BDDUPN58.csv","exponential",-77.0814604918296,-72.6014604918296,28
"BDDUPN58.csv","weibull",-165.746031323405,-158.746031323405,28
"BDDUPN58.csv","gompertz_hazard",-166.7600193785,-159.7600193785,28
"BDDUPN58.csv","gompertz_survival",-205.460701301594,-198.460701301594,28
"BDDUPN58.csv","loglogistic",-130.785375229746,-123.785375229746,28
"CJGSNI9D_1.csv","exponential",3.98623235175064,8.4477708132891,29
"CJGSNI9D_1.csv","weibull",-234.787593276463,-227.827593276463,29
"CJGSNI9D_1.csv","gompertz_hazard",-232.068434546103,-225.108434546103,29
"CJGSNI9D_1.csv","gompertz_survival",-232.06843591093,-225.10843591093,29
"CJGSNI9D_1.csv","loglogistic",-173.94280493429,-166.98280493429,29
"CJGSNI9D_1.csv","generalizedgamma",-235.732078334939,-226.065411668272,29
"CJGSNI9D_2.csv","exponential",-7.41310656321677,-2.86765201776223,25
"CJGSNI9D_2.csv","weibull",-61.7484572128569,-54.6056000699997,25
"CJGSNI9D_2.csv","gompertz_hazard",-50.4583720781778,-43.3155149353206,25
"CJGSNI9D_2.csv","gompertz_survival",-51.7760768319326,-44.6332196890754,25
"CJGSNI9D_2.csv","loglogistic",-77.9894138584192,-70.8465567155621,25
"CJGSNI9D_2.csv","generalizedgamma",-67.5830436044273,-57.5830436044273,25
"CJGSNI9D_3.csv","exponential",4.01572733223256,8.47726579377102,29
"CJGSNI9D_3.csv","weibull",-81.5138038737555,-74.5538038737555,29
"CJGSNI9D_3.csv","gompertz_hazard",-74.0507337547483,-67.0907337547483,29
"CJGSNI9D_3.csv","gompertz_survival",-74.1445317193189,-67.1845317193189,29
"CJGSNI9D_3.csv","loglogistic",-95.46859542008,-88.5085954200801,29
"CJGSNI9D_3.csv","generalizedgamma",-81.4859262087694,-71.8192595421027,29
"EMZR7I8C.csv","exponential",-3.82813594798947,6.17186405201053,5
"EMZR7I8C.csv","weibull",-18.1124842440243,11.8875157559757,5
"EMZR7I8C.csv","gompertz_hazard",-18.0494094192752,11.9505905807248,5
"EMZR7I8C.csv","gompertz_survival",-18.0505537654599,11.9494462345401,5
"EMZR7I8C.csv","loglogistic",-21.7492350754753,8.25076492452474,5
"EMZR7I8C.csv","generalizedgamma",-18.1061516678602,Inf,5
"EQGS7A8E.csv","exponential",-2.31762038260429,3.01571295072904,12
"EQGS7A8E.csv","weibull",-38.2926072766505,-29.2926072766505,12
"EQGS7A8E.csv","gompertz_hazard",-39.6968735030901,-30.6968735030901,12
"EQGS7A8E.csv","gompertz_survival",-39.6847796438872,-30.6847796438872,12
"EQGS7A8E.csv","loglogistic",-33.0698406867058,-24.0698406867058,12
"EQGS7A8E.csv","generalizedgamma",-39.5014300599374,-25.7871443456517,12
"EX3PL84S_1.csv","exponential",-4.49853870013055,3.50146129986945,6
"EX3PL84S_1.csv","weibull",-18.8299538301933,-0.82995383019334,6
"EX3PL84S_1.csv","gompertz_hazard",-15.8109293841504,2.18907061584959,6
"EX3PL84S_1.csv","gompertz_survival",-17.4778143693741,0.522185630625877,6
"EX3PL84S_1.csv","loglogistic",-17.454540089024,0.545459910975993,6
"EX3PL84S_1.csv","generalizedgamma",-18.8534713622956,29.1465286377044,6
"EX3PL84S_3.csv","exponential",-1.97355464013677,6.02644535986323,6
"EX3PL84S_3.csv","weibull",-13.4684304858283,4.53156951417175,6
"EX3PL84S_3.csv","gompertz_hazard",-13.0798206764369,4.92017932356313,6
"EX3PL84S_3.csv","gompertz_survival",-13.3010254097142,4.69897459028584,6
"EX3PL84S_3.csv","loglogistic",-12.7529057926924,5.24709420730755,6
"EX3PL84S_3.csv","generalizedgamma",-13.5588722944113,34.4411277055887,6
"EX3PL84S_4.csv","exponential",-1.8908564492658,6.1091435507342,6
"EX3PL84S_4.csv","weibull",-13.9786535797359,4.02134642026414,6
"EX3PL84S_4.csv","gompertz_hazard",-13.7140616871425,4.28593831285747,6
"EX3PL84S_4.csv","gompertz_survival",-13.9101273292858,4.08987267071422,6
"EX3PL84S_4.csv","loglogistic",-13.085496702991,4.91450329700899,6
"EX3PL84S_4.csv","generalizedgamma",-14.1141831513799,33.8858168486201,6
"F99VXZNN.csv","exponential",-15.6687745422134,-10.4687745422134,13
"F99VXZNN.csv","weibull",-41.244564477356,-32.5778978106894,13
"F99VXZNN.csv","gompertz_hazard",-34.2911961192376,-25.624529452571,13
"F99VXZNN.csv","gompertz_survival",-36.5228477735926,-27.8561811069259,13
"F99VXZNN.csv","loglogistic",-45.4407119311687,-36.774045264502,13
"F99VXZNN.csv","generalizedgamma",-41.2305905498739,-28.2305905498739,13
"FRAQNTF6_1.csv","exponential",-0.791273095415631,4.29963599549346,14
"FRAQNTF6_1.csv","weibull",-48.0270526022395,-39.6270526022395,14
"FRAQNTF6_1.csv","gompertz_hazard",-40.7631841963947,-32.3631841963947,14
"FRAQNTF6_1.csv","gompertz_survival",-41.0892054733663,-32.6892054733663,14
"FRAQNTF6_1.csv","loglogistic",-57.2705653467425,-48.8705653467425,14
"FRAQNTF6_1.csv","generalizedgamma",-47.9856837007794,-35.5412392563349,14
"FRAQNTF6_2.csv","exponential",3.48357792254516,8.48357792254516,15
"FRAQNTF6_2.csv","weibull",-76.069098238084,-67.8872800562658,15
"FRAQNTF6_2.csv","gompertz_hazard",-61.1122693814172,-52.930451199599,15
"FRAQNTF6_2.csv","gompertz_survival",-61.3245514285943,-53.1427332467762,15
"FRAQNTF6_2.csv","loglogistic",-79.2071242903667,-71.0253061085486,15
"FRAQNTF6_2.csv","generalizedgamma",-75.8866048280855,-63.8866048280855,15
"FRAQNTF6_3.csv","exponential",3.39650312168231,8.25364597882517,17
"FRAQNTF6_3.csv","weibull",-65.3183710791402,-57.4722172329864,17
"FRAQNTF6_3.csv","gompertz_hazard",-55.7307175334005,-47.8845636872467,17
"FRAQNTF6_3.csv","gompertz_survival",-55.8399405012439,-47.99378665509,17
"FRAQNTF6_3.csv","loglogistic",-94.4150734719288,-86.568919625775,17
"FRAQNTF6_3.csv","generalizedgamma",-65.2428713998838,-53.9095380665505,17
"FRAQNTF6_4.csv","exponential",2.66302553366187,7.5861024567388,16
"FRAQNTF6_4.csv","weibull",-85.8816808559766,-77.8816808559766,16
"FRAQNTF6_4.csv","gompertz_hazard",-74.9878931836467,-66.9878931836467,16
"FRAQNTF6_4.csv","gompertz_survival",-75.2926383086916,-67.2926383086916,16
"FRAQNTF6_4.csv","loglogistic",-74.3038181097572,-66.3038181097572,16
"FRAQNTF6_4.csv","generalizedgamma",-85.7491171757295,-74.1127535393658,16
"FTYRZ259.csv","exponential",-68.5988027066674,-63.967223759299,22
"FTYRZ259.csv","weibull",-72.5645459781404,-65.2312126448071,22
"FTYRZ259.csv","gompertz_hazard",-56.1647217472918,-48.8313884139585,22
"FTYRZ259.csv","gompertz_survival",-77.5459472360563,-70.2126139027229,22
"FTYRZ259.csv","loglogistic",-56.8173583965363,-49.484025063203,22
"FTYRZ259.csv","generalizedgamma",-76.9654552330868,-66.6125140566162,22
"G9FYXDG9_1.csv","exponential",-4.80128572308424,3.19871427691576,6
"G9FYXDG9_1.csv","weibull",-16.7326227602441,1.26737723975589,6
"G9FYXDG9_1.csv","gompertz_hazard",-14.5900353135538,3.40996468644619,6
"G9FYXDG9_1.csv","loglogistic",-18.4237192152104,-0.423719215210436,6
"G9FYXDG9_1.csv","generalizedgamma",-17.1728194802839,30.8271805197161,6
"GB5SCAXN.csv","exponential",-5.71351147136149,2.28648852863851,6
"GB5SCAXN.csv","weibull",-20.7770600408074,-2.77706004080737,6
"GB5SCAXN.csv","gompertz_hazard",-20.269333753729,-2.26933375372904,6
"GB5SCAXN.csv","gompertz_survival",-20.4178140414835,-2.41781404148345,6
"GB5SCAXN.csv","loglogistic",-24.546350751793,-6.54635075179298,6
"GB5SCAXN.csv","generalizedgamma",-20.7712817697,27.2287182303,6
"GF3VR72W_1.csv","exponential",-1.14110356185433,6.85889643814567,6
"GF3VR72W_1.csv","weibull",-17.7205677173353,0.279432282664651,6
"GF3VR72W_1.csv","gompertz_hazard",-22.2701826920445,-4.27018269204448,6
"GF3VR72W_1.csv","gompertz_survival",-21.9767851841894,-3.97678518418943,6
"GF3VR72W_1.csv","loglogistic",-13.4874838257349,4.51251617426511,6
"GF3VR72W_1.csv","generalizedgamma",-20.0227901270896,27.9772098729104,6
"GHEVMR39_1.csv","exponential",0.0316422854398002,10.0316422854398,5
"GHEVMR39_1.csv","weibull",-47.7754657439985,-17.7754657439985,5
"GHEVMR39_1.csv","gompertz_hazard",-43.9092698967738,-13.9092698967738,5
"GHEVMR39_1.csv","gompertz_survival",-45.771586473387,-15.771586473387,5
"GHEVMR39_1.csv","loglogistic",-31.3204245481914,-1.32042454819144,5
"GHEVMR39_1.csv","generalizedgamma",-116.11823100373,Inf,5
"GHEVMR39_2.csv","exponential",-2.19532335870652,7.80467664129348,5
"GHEVMR39_2.csv","weibull",-26.349143113316,3.65085688668402,5
"GHEVMR39_2.csv","gompertz_hazard",-35.9933356983341,-5.99333569833409,5
"GHEVMR39_2.csv","gompertz_survival",-49.5184979657761,-19.5184979657761,5
"GHEVMR39_2.csv","loglogistic",-18.7076354432658,11.2923645567342,5
"GHEVMR39_2.csv","generalizedgamma",-32.0781435923797,Inf,5
"GQT9PNFD.csv","exponential",-11.4348638549095,-6.23486385490947,13
"GQT9PNFD.csv","weibull",-23.2785263543117,-14.6118596876451,13
"GQT9PNFD.csv","gompertz_hazard",-26.0045853340494,-17.3379186673828,13
"GQT9PNFD.csv","gompertz_survival",-26.4532854437754,-17.7866187771087,13
"GQT9PNFD.csv","loglogistic",-19.6973341240801,-11.0306674574134,13
"GQT9PNFD.csv","generalizedgamma",-24.6686375222257,-11.6686375222257,13
"GVMR7BGI_1.csv","exponential",-27.062355294329,-22.139278371252,16
"GVMR7BGI_1.csv","weibull",-54.0946937780371,-46.0946937780371,16
"GVMR7BGI_1.csv","gompertz_hazard",-47.0244410168002,-39.0244410168002,16
"GVMR7BGI_1.csv","gompertz_survival",-59.3268625115297,-51.3268625115297,16
"GVMR7BGI_1.csv","loglogistic",-44.2780924154927,-36.2780924154927,16
"GVMR7BGI_1.csv","generalizedgamma",-56.7568032014389,-45.1204395650753,16
"GVMR7BGI_2.csv","exponential",-39.6417794391873,-34.7187025161103,16
"GVMR7BGI_2.csv","weibull",-58.2326929330632,-50.2326929330632,16
"GVMR7BGI_2.csv","gompertz_hazard",-38.7857935459711,-30.7857935459711,16
"GVMR7BGI_2.csv","gompertz_survival",-57.2845042977996,-49.2845042977996,16
"GVMR7BGI_2.csv","loglogistic",-55.7466635039735,-47.7466635039735,16
"GVMR7BGI_2.csv","generalizedgamma",-58.2482546675236,-46.6118910311599,16
"JFZMJT8H_1.csv","exponential",-16.38691405103,-10.88691405103,11
"JFZMJT8H_1.csv","weibull",-26.8390248550974,-17.410453426526,11
"JFZMJT8H_1.csv","gompertz_hazard",-19.0772408303621,-9.64866940179068,11
"JFZMJT8H_1.csv","gompertz_survival",-25.2752137548721,-15.8466423263007,11
"JFZMJT8H_1.csv","loglogistic",-26.4961474754355,-17.0675760468641,11
"JFZMJT8H_1.csv","generalizedgamma",-26.8426763204517,-12.176009653785,11
"JFZMJT8H_2.csv","exponential",-2.33849071275299,4.06150928724701,8
"JFZMJT8H_2.csv","weibull",-16.6973209773504,-4.69732097735044,8
"JFZMJT8H_2.csv","gompertz_hazard",-15.0639041339285,-3.06390413392847,8
"JFZMJT8H_2.csv","gompertz_survival",-15.4234433894508,-3.42344338945081,8
"JFZMJT8H_2.csv","loglogistic",-16.9875801332382,-4.98758013323823,8
"JFZMJT8H_2.csv","generalizedgamma",-16.715490350533,4.61784298280038,8
"KJ6FH8V8.csv","exponential",-11.6564041783523,-1.65640417835229,5
"KJ6FH8V8.csv","weibull",-25.7547190208718,4.24528097912825,5
"KJ6FH8V8.csv","gompertz_hazard",-15.2207785986152,14.7792214013848,5
"KJ6FH8V8.csv","gompertz_survival",-21.7799631304088,8.2200368695912,5
"KJ6FH8V8.csv","loglogistic",-29.8745151195348,0.125484880465191,5
"KJ6FH8V8.csv","generalizedgamma",-25.7411647044453,Inf,5
"KV2D2BDL.csv","exponential",-12.4376710738222,-6.72338535953653,10
"KV2D2BDL.csv","weibull",-40.4643331589156,-30.4643331589156,10
"KV2D2BDL.csv","gompertz_hazard",-27.8712084151666,-17.8712084151666,10
"KV2D2BDL.csv","gompertz_survival",-33.8202283155985,-23.8202283155985,10
"KV2D2BDL.csv","loglogistic",-37.4511932459584,-27.4511932459584,10
"KV2D2BDL.csv","generalizedgamma",-40.7720821258369,-24.7720821258369,10
"MAQD6JH8.csv","exponential",2.98803075109192,8.48803075109192,11
"MAQD6JH8.csv","weibull",-51.2644863275525,-41.8359148989811,11
"MAQD6JH8.csv","gompertz_hazard",-47.7558492623394,-38.327277833768,11
"MAQD6JH8.csv","gompertz_survival",-47.7560088633028,-38.3274374347314,11
"MAQD6JH8.csv","loglogistic",-62.7700063509345,-53.3414349223631,11
"MAQD6JH8.csv","generalizedgamma",-51.2102062494003,-36.5435395827337,11
"MFJSTZZX_1.csv","exponential",-2.32701979665028,2.11742464779417,30
"MFJSTZZX_1.csv","weibull",-102.994082219243,-96.0710052961661,30
"MFJSTZZX_1.csv","gompertz_hazard",-121.274407027125,-114.351330104048,30
"MFJSTZZX_1.csv","gompertz_survival",-121.043216350304,-114.120139427227,30
"MFJSTZZX_1.csv","loglogistic",-80.0322889698905,-73.1092120468136,30
"MFJSTZZX_1.csv","generalizedgamma",-113.916627259316,-104.316627259316,30
"MFJSTZZX_2.csv","exponential",14.3778360362976,18.8222804807421,30
"MFJSTZZX_2.csv","weibull",-140.303239231471,-133.380162308394,30
"MFJSTZZX_2.csv","gompertz_hazard",-146.547893017215,-139.624816094138,30
"MFJSTZZX_2.csv","gompertz_survival",-146.547741104498,-139.624664181421,30
"MFJSTZZX_2.csv","loglogistic",-120.288550185313,-113.365473262236,30
"MFJSTZZX_2.csv","generalizedgamma",-150.001422322504,-140.401422322504,30
"MFJSTZZX_3.csv","exponential",7.46651277599001,11.9109572204345,30
"MFJSTZZX_3.csv","weibull",-121.496815479294,-114.573738556217,30
"MFJSTZZX_3.csv","gompertz_hazard",-119.146909129241,-112.223832206164,30
"MFJSTZZX_3.csv","gompertz_survival",-119.210294116025,-112.287217192948,30
"MFJSTZZX_3.csv","loglogistic",-107.671416445811,-100.748339522734,30
"MFJSTZZX_3.csv","generalizedgamma",-121.486355358422,-111.886355358422,30
"MFJSTZZX_4.csv","exponential",6.27100072824894,10.7154451726934,30
"MFJSTZZX_4.csv","weibull",-101.806299656409,-94.8832227333323,30
"MFJSTZZX_4.csv","gompertz_hazard",-107.758107003986,-100.835030080909,30
"MFJSTZZX_4.csv","gompertz_survival",-107.719338562347,-100.79626163927,30
"MFJSTZZX_4.csv","loglogistic",-91.4976615524585,-84.5745846293816,30
"MFJSTZZX_4.csv","generalizedgamma",-107.13191257481,-97.5319125748105,30
"MYHXRCTI.csv","exponential",3.27270473821213,11.2727047382121,6
"MYHXRCTI.csv","weibull",-14.6928031989626,3.3071968010374,6
"MYHXRCTI.csv","gompertz_hazard",-14.2374590460157,3.76254095398429,6
"MYHXRCTI.csv","gompertz_survival",-14.7331279844941,3.2668720155059,6
"MYHXRCTI.csv","loglogistic",-15.3357861988449,2.66421380115512,6
"MYHXRCTI.csv","generalizedgamma",-14.8204646969704,33.1795353030296,6
"N396BWST.csv","exponential",-8.23928258453092,-2.23928258453092,9
"N396BWST.csv","weibull",-28.329261952845,-17.529261952845,9
"N396BWST.csv","gompertz_hazard",-20.4258623840993,-9.62586238409934,9
"N396BWST.csv","gompertz_survival",-24.0569581475128,-13.2569581475128,9
"N396BWST.csv","loglogistic",-28.52547946758,-17.72547946758,9
"N396BWST.csv","generalizedgamma",-28.4913631313732,-10.4913631313732,9
"NR4GBB9G.csv","exponential",-5.52370591044696,0.476294089553044,9
"NR4GBB9G.csv","weibull",-21.1229090836479,-10.3229090836479,9
"NR4GBB9G.csv","gompertz_hazard",-26.1463449296824,-15.3463449296824,9
"NR4GBB9G.csv","gompertz_survival",-25.5439121249008,-14.7439121249008,9
"NR4GBB9G.csv","loglogistic",-18.5041927149085,-7.70419271490848,9
"NR4GBB9G.csv","generalizedgamma",-23.2694438126593,-5.26944381265931,9
"NSH3NLMI_1.csv","exponential",-2.90929058202114,7.09070941797886,5
"NSH3NLMI_1.csv","weibull",-27.0315220002183,2.96847799978172,5
"NSH3NLMI_1.csv","gompertz_hazard",-28.5100464178976,1.48995358210239,5
"NSH3NLMI_1.csv","gompertz_survival",-28.5098289069608,1.49017109303916,5
"NSH3NLMI_1.csv","loglogistic",-20.0148676647667,9.98513233523326,5
"NSH3NLMI_1.csv","generalizedgamma",-29.0195845116504,Inf,5
"NSH3NLMI_2.csv","exponential",-0.774141434127686,6.22585856587231,7
"NSH3NLMI_2.csv","weibull",-35.7815792973861,-21.7815792973861,7
"NSH3NLMI_2.csv","gompertz_hazard",-31.9563843495944,-17.9563843495944,7
"NSH3NLMI_2.csv","gompertz_survival",-31.9576526886861,-17.9576526886861,7
"NSH3NLMI_2.csv","loglogistic",-35.2722575728958,-21.2722575728958,7
"NSH3NLMI_2.csv","generalizedgamma",-35.6690461240385,-7.66904612403848,7
"P9VH9CT9.csv","exponential",-5.91290111178554,1.08709888821446,7
"P9VH9CT9.csv","weibull",-23.7542387946749,-9.7542387946749,7
"P9VH9CT9.csv","gompertz_hazard",-27.4549506789952,-13.4549506789952,7
"P9VH9CT9.csv","gompertz_survival",-27.3519398873009,-13.3519398873009,7
"P9VH9CT9.csv","loglogistic",-18.6836113100722,-4.68361131007218,7
"P9VH9CT9.csv","generalizedgamma",-25.5749677637082,2.42503223629178,7
"PAKAKM6M.csv","exponential",-4.14626015365002,2.85373984634998,7
"PAKAKM6M.csv","weibull",-18.0951501169143,-4.09515011691433,7
"PAKAKM6M.csv","gompertz_hazard",-18.6618312948004,-4.66183129480037,7
"PAKAKM6M.csv","gompertz_survival",-18.6181757653733,-4.61817576537329,7
"PAKAKM6M.csv","loglogistic",-17.3707268413902,-3.37072684139024,7
"PAKAKM6M.csv","generalizedgamma",-18.2927423094606,9.70725769053943,7
"Q4QK99VH_1.csv","exponential",-2.3684459793624,3.6315540206376,9
"Q4QK99VH_1.csv","weibull",-33.9581928770742,-23.1581928770742,9
"Q4QK99VH_1.csv","gompertz_hazard",-32.823047026092,-22.023047026092,9
"Q4QK99VH_1.csv","gompertz_survival",-33.6104242828261,-22.8104242828261,9
"Q4QK99VH_1.csv","loglogistic",-26.6075683180689,-15.8075683180689,9
"Q4QK99VH_1.csv","generalizedgamma",-35.3402631772246,-17.3402631772246,9
"Q4QK99VH_2.csv","exponential",-4.67721188070723,1.03707383357848,10
"Q4QK99VH_2.csv","weibull",-24.0204380067731,-14.0204380067731,10
"Q4QK99VH_2.csv","gompertz_hazard",-23.7040817447096,-13.7040817447096,10
"Q4QK99VH_2.csv","gompertz_survival",-23.7395635500885,-13.7395635500885,10
"Q4QK99VH_2.csv","loglogistic",-26.8273692689555,-16.8273692689555,10
"Q4QK99VH_2.csv","generalizedgamma",-24.2690797475371,-8.26907974753706,10
"Q4QK99VH_3.csv","exponential",1.84167140011734,11.8416714001173,5
"Q4QK99VH_3.csv","weibull",-14.1799184614305,15.8200815385695,5
"Q4QK99VH_3.csv","gompertz_hazard",-13.506791006684,16.493208993316,5
"Q4QK99VH_3.csv","gompertz_survival",-13.506901561649,16.493098438351,5
"Q4QK99VH_3.csv","loglogistic",-17.7446425106432,12.2553574893568,5
"Q4QK99VH_3.csv","generalizedgamma",-14.2960305250014,Inf,5
"Q4QK99VH_4.csv","exponential",-2.53927202792887,3.46072797207113,9
"Q4QK99VH_4.csv","weibull",-24.1263265076351,-13.3263265076351,9
"Q4QK99VH_4.csv","gompertz_hazard",-23.7988214895595,-12.9988214895595,9
"Q4QK99VH_4.csv","gompertz_survival",-24.3171520604698,-13.5171520604698,9
"Q4QK99VH_4.csv","loglogistic",-20.9022092422568,-10.1022092422568,9
"Q4QK99VH_4.csv","generalizedgamma",-24.7028283983067,-6.70282839830666,9
"Q6DYUJIS_1.csv","exponential",2.32543485780493,9.32543485780493,7
"Q6DYUJIS_1.csv","weibull",-16.2946722977442,-2.29467229774422,7
"Q6DYUJIS_1.csv","gompertz_hazard",-16.3589381712828,-2.35893817128276,7
"Q6DYUJIS_1.csv","gompertz_survival",-16.358932123129,-2.35893212312897,7
"Q6DYUJIS_1.csv","loglogistic",-16.7743470940858,-2.77434709408583,7
"Q6DYUJIS_1.csv","generalizedgamma",-16.3866460979823,11.6133539020177,7
"Q6DYUJIS_2.csv","exponential",-0.673550649844232,5.72644935015577,8
"Q6DYUJIS_2.csv","weibull",-14.6493784765416,-2.64937847654161,8
"Q6DYUJIS_2.csv","gompertz_hazard",-12.2565547343883,-0.256554734388324,8
"Q6DYUJIS_2.csv","gompertz_survival",-12.6492510216357,-0.64925102163572,8
"Q6DYUJIS_2.csv","loglogistic",-16.5655712577344,-4.56557125773442,8
"Q6DYUJIS_2.csv","generalizedgamma",-15.1469185722281,6.18641476110527,8
"QAU56BW5_1.csv","exponential",-7.41980480090223,-1.70551908661652,10
"QAU56BW5_1.csv","weibull",-19.3938449650833,-9.39384496508331,10
"QAU56BW5_1.csv","gompertz_hazard",-15.8806352811172,-5.88063528111724,10
"QAU56BW5_1.csv","gompertz_survival",-17.8727387266461,-7.87273872664613,10
"QAU56BW5_1.csv","loglogistic",-19.5125692450696,-9.51256924506958,10
"QAU56BW5_1.csv","generalizedgamma",-19.4284403692263,-3.42844036922628,10
"QAU56BW5_2.csv","exponential",-1.40004831127209,4.99995168872791,8
"QAU56BW5_2.csv","weibull",-21.4769641064236,-9.47696410642363,8
"QAU56BW5_2.csv","gompertz_hazard",-20.628005748855,-8.62800574885496,8
"QAU56BW5_2.csv","gompertz_survival",-20.7226721207063,-8.72267212070631,8
"QAU56BW5_2.csv","loglogistic",-19.909769482054,-7.90976948205401,8
"QAU56BW5_2.csv","generalizedgamma",-21.5096082004391,-0.176274867105741,8
"QAU56BW5_3.csv","exponential",-4.58883304002232,1.12545267426339,10
"QAU56BW5_3.csv","weibull",-23.6715746220434,-13.6715746220434,10
"QAU56BW5_3.csv","gompertz_hazard",-23.8050749896889,-13.8050749896889,10
"QAU56BW5_3.csv","gompertz_survival",-23.9155456850969,-13.9155456850969,10
"QAU56BW5_3.csv","loglogistic",-23.2092383074231,-13.2092383074231,10
"QAU56BW5_3.csv","generalizedgamma",-23.9561547487083,-7.95615474870827,10
"QAU56BW5_4.csv","exponential",-1.94802826515537,5.05197173484463,7
"QAU56BW5_4.csv","weibull",-14.6749921642864,-0.674992164286436,7
"QAU56BW5_4.csv","gompertz_hazard",-14.3570354657934,-0.357035465793363,7
"QAU56BW5_4.csv","gompertz_survival",-14.4134361313469,-0.413436131346927,7
"QAU56BW5_4.csv","loglogistic",-15.2122980585761,-1.21229805857609,7
"QAU56BW5_4.csv","generalizedgamma",-14.6878823479616,13.3121176520384,7
"QAU56BW5_5.csv","exponential",-0.163976669533088,6.23602333046691,8
"QAU56BW5_5.csv","weibull",-20.6293042373328,-8.62930423733275,8
"QAU56BW5_5.csv","gompertz_hazard",-21.4695312837079,-9.46953128370789,8
"QAU56BW5_5.csv","gompertz_survival",-21.5022463730724,-9.50224637307243,8
"QAU56BW5_5.csv","loglogistic",-18.2226694066411,-6.22266940664109,8
"QAU56BW5_5.csv","generalizedgamma",-21.4343463754709,-0.101013042137604,8
"QAU56BW5_7.csv","exponential",-0.212338301665548,6.18766169833445,8
"QAU56BW5_7.csv","weibull",-17.226777401067,-5.22677740106701,8
"QAU56BW5_7.csv","gompertz_hazard",-15.895767558745,-3.89576755874502,8
"QAU56BW5_7.csv","gompertz_survival",-15.905324611188,-3.90532461118801,8
"QAU56BW5_7.csv","loglogistic",-19.8132283284293,-7.81322832842925,8
"QAU56BW5_7.csv","generalizedgamma",-18.0547965859687,3.27853674736467,8
"QMBA8BLX_1.csv","exponential",-6.58331333599927,-1.49240424509018,14
"QMBA8BLX_1.csv","weibull",-34.0662795974238,-25.6662795974238,14
"QMBA8BLX_1.csv","gompertz_hazard",-41.8683223861776,-33.4683223861776,14
"QMBA8BLX_1.csv","gompertz_survival",-41.194491158352,-32.794491158352,14
"QMBA8BLX_1.csv","loglogistic",-28.5329806880217,-20.1329806880217,14
"QMBA8BLX_1.csv","generalizedgamma",-37.6606100358775,-25.2161655914331,14
"QMBA8BLX_2.csv","exponential",-3.0455000863424,2.66878562794332,10
"QMBA8BLX_2.csv","weibull",-41.1036243639337,-31.1036243639337,10
"QMBA8BLX_2.csv","gompertz_hazard",-30.9581481758599,-20.9581481758599,10
"QMBA8BLX_2.csv","gompertz_survival",-32.6623420468293,-22.6623420468293,10
"QMBA8BLX_2.csv","loglogistic",-41.1940743747875,-31.1940743747875,10
"QMBA8BLX_2.csv","generalizedgamma",-41.0632372437288,-25.0632372437288,10
"R75QSQFF_1.csv","exponential",-18.0241063512603,-12.0241063512603,9
"R75QSQFF_1.csv","weibull",-31.759643024699,-20.959643024699,9
"R75QSQFF_1.csv","gompertz_hazard",-35.0062260081039,-24.2062260081039,9
"R75QSQFF_1.csv","gompertz_survival",-38.4829597076607,-27.6829597076607,9
"R75QSQFF_1.csv","loglogistic",-25.3865015573135,-14.5865015573135,9
"R75QSQFF_1.csv","generalizedgamma",-34.1847365836474,-16.1847365836474,9
"R75QSQFF_2.csv","exponential",-22.256549661883,-16.256549661883,9
"R75QSQFF_2.csv","weibull",-36.7957787437112,-25.9957787437112,9
"R75QSQFF_2.csv","gompertz_hazard",-20.0991347817115,-9.29913478171147,9
"R75QSQFF_2.csv","gompertz_survival",-30.5442775937314,-19.7442775937314,9
"R75QSQFF_2.csv","loglogistic",-43.9831022173856,-33.1831022173857,9
"R75QSQFF_2.csv","generalizedgamma",-39.6162649612056,-21.6162649612056,9
"R75QSQFF_3.csv","exponential",-3.35172100234172,3.64827899765828,7
"R75QSQFF_3.csv","weibull",-18.6451296626636,-4.6451296626636,7
"R75QSQFF_3.csv","gompertz_hazard",-18.1651290859865,-4.16512908598652,7
"R75QSQFF_3.csv","gompertz_survival",-18.3726200822335,-4.37262008223348,7
"R75QSQFF_3.csv","loglogistic",-18.7918819218438,-4.79188192184379,7
"R75QSQFF_3.csv","generalizedgamma",-18.6797010625506,9.3202989374494,7
"R75QSQFF_4.csv","exponential",-4.7232077096582,1.6767922903418,8
"R75QSQFF_4.csv","weibull",-25.1138809853868,-13.1138809853868,8
"R75QSQFF_4.csv","gompertz_hazard",-20.9037613801282,-8.90376138012824,8
"R75QSQFF_4.csv","gompertz_survival",-22.167185410803,-10.167185410803,8
"R75QSQFF_4.csv","loglogistic",-23.6396822016735,-11.6396822016735,8
"R75QSQFF_4.csv","generalizedgamma",-25.1484227138291,-3.81508938049572,8
"R75QSQFF_5.csv","exponential",-2.09161034994772,4.30838965005228,8
"R75QSQFF_5.csv","weibull",-30.3197303662583,-18.3197303662583,8
"R75QSQFF_5.csv","gompertz_hazard",-23.4416909056996,-11.4416909056996,8
"R75QSQFF_5.csv","gompertz_survival",-24.8083060742165,-12.8083060742165,8
"R75QSQFF_5.csv","loglogistic",-28.1213286464415,-16.1213286464415,8
"R75QSQFF_5.csv","generalizedgamma",-30.3910480094975,-9.05771467616416,8
"R75QSQFF_6.csv","exponential",-4.21984679714167,2.18015320285833,8
"R75QSQFF_6.csv","weibull",-21.0696178711851,-9.06961787118506,8
"R75QSQFF_6.csv","gompertz_hazard",-18.4975719781312,-6.49757197813119,8
"R75QSQFF_6.csv","gompertz_survival",-18.9310845719358,-6.93108457193578,8
"R75QSQFF_6.csv","loglogistic",-21.951173218715,-9.95117321871496,8
"R75QSQFF_6.csv","generalizedgamma",-21.723120553583,-0.389787220249699,8
"R75QSQFF_7.csv","exponential",-18.3329723956833,-12.3329723956833,9
"R75QSQFF_7.csv","weibull",-35.7688050572524,-24.9688050572524,9
"R75QSQFF_7.csv","gompertz_hazard",-21.0722017584224,-10.2722017584224,9
"R75QSQFF_7.csv","gompertz_survival",-29.3994846148813,-18.5994846148813,9
"R75QSQFF_7.csv","loglogistic",-39.4422138266967,-28.6422138266967,9
"R75QSQFF_7.csv","generalizedgamma",-37.9664294961156,-19.9664294961156,9
"R75QSQFF_8.csv","exponential",-7.29281370687612,-0.892813706876125,8
"R75QSQFF_8.csv","weibull",-32.3995715902975,-20.3995715902975,8
"R75QSQFF_8.csv","gompertz_hazard",-31.8628238223961,-19.8628238223961,8
"R75QSQFF_8.csv","gompertz_survival",-32.1509040506612,-20.1509040506612,8
"R75QSQFF_8.csv","loglogistic",-31.7192385648104,-19.7192385648104,8
"R75QSQFF_8.csv","generalizedgamma",-32.9960844466403,-11.6627511133069,8
"RLF5AW7V_1.csv","exponential",-6.00592720317583,3.99407279682417,5
"RLF5AW7V_1.csv","weibull",-15.9388533155321,14.0611466844679,5
"RLF5AW7V_1.csv","gompertz_hazard",-17.7069839534574,12.2930160465426,5
"RLF5AW7V_1.csv","gompertz_survival",-20.1537018443299,9.84629815567009,5
"RLF5AW7V_1.csv","loglogistic",-12.1883088014258,17.8116911985742,5
"RLF5AW7V_1.csv","generalizedgamma",-17.6080428759685,Inf,5
"RLF5AW7V_2.csv","exponential",0.704420610608777,6.70442061060878,9
"RLF5AW7V_2.csv","weibull",-42.852466340666,-32.052466340666,9
"RLF5AW7V_2.csv","gompertz_hazard",-38.8115201649217,-28.0115201649217,9
"RLF5AW7V_2.csv","gompertz_survival",-38.8423111865236,-28.0423111865236,9
"RLF5AW7V_2.csv","loglogistic",-49.4920219610833,-38.6920219610833,9
"RLF5AW7V_2.csv","generalizedgamma",-43.2068895458677,-25.2068895458677,9
"RLF5AW7V_3.csv","exponential",-7.12205410088649,2.87794589911351,5
"RLF5AW7V_3.csv","weibull",-14.1738912155976,15.8261087844024,5
"RLF5AW7V_3.csv","gompertz_hazard",-17.6243635089936,12.3756364910064,5
"RLF5AW7V_3.csv","gompertz_survival",-19.0070352174323,10.9929647825677,5
"RLF5AW7V_3.csv","loglogistic",-10.5857128898524,19.4142871101476,5
"RLF5AW7V_3.csv","generalizedgamma",-15.9505350282156,Inf,5
"RLF5AW7V_4.csv","exponential",-6.69837856473796,1.30162143526204,6
"RLF5AW7V_4.csv","weibull",-24.4259420662262,-6.42594206622622,6
"RLF5AW7V_4.csv","gompertz_hazard",-20.82593367032,-2.82593367032,6
"RLF5AW7V_4.csv","gompertz_survival",-24.7464590813914,-6.74645908139135,6
"RLF5AW7V_4.csv","loglogistic",-19.4947997404561,-1.49479974045608,6
"RLF5AW7V_4.csv","generalizedgamma",-25.7378239760492,22.2621760239508,6
"RLF5AW7V_5.csv","exponential",-7.48463402032159,0.515365979678405,6
"RLF5AW7V_5.csv","weibull",-23.7405187544465,-5.74051875444646,6
"RLF5AW7V_5.csv","gompertz_hazard",-21.6667025238239,-3.66670252382389,6
"RLF5AW7V_5.csv","gompertz_survival",-27.7579333458301,-9.7579333458301,6
"RLF5AW7V_5.csv","loglogistic",-17.9305698238998,0.0694301761002194,6
"RLF5AW7V_5.csv","generalizedgamma",-25.8057881941709,22.1942118058291,6
"RLF5AW7V_6.csv","exponential",-5.15876708415537,1.84123291584463,7
"RLF5AW7V_6.csv","weibull",-31.9690819255811,-17.9690819255811,7
"RLF5AW7V_6.csv","gompertz_hazard",-24.9766151375653,-10.9766151375653,7
"RLF5AW7V_6.csv","gompertz_survival",-28.1779488682686,-14.1779488682686,7
"RLF5AW7V_6.csv","loglogistic",-26.3623412817216,-12.3623412817216,7
"RLF5AW7V_6.csv","generalizedgamma",-32.2278590290887,-4.22785902908867,7
"RYTIMRAA.csv","exponential",0.417683328112119,8.41768332811212,6
"RYTIMRAA.csv","weibull",-24.8431969145426,-6.84319691454262,6
"RYTIMRAA.csv","gompertz_hazard",-22.1852474767212,-4.18524747672119,6
"RYTIMRAA.csv","gompertz_survival",-22.1964977314418,-4.19649773144182,6
"RYTIMRAA.csv","loglogistic",-25.8356434324389,-7.83564343243895,6
"RYTIMRAA.csv","generalizedgamma",-25.349496269494,22.650503730506,6
"S7N2SUHC.csv","exponential",-7.44164674071986,-0.441646740719865,7
"S7N2SUHC.csv","weibull",-28.5397729189359,-14.5397729189359,7
"S7N2SUHC.csv","gompertz_hazard",-26.4210927139296,-12.4210927139296,7
"S7N2SUHC.csv","gompertz_survival",-29.9855277513742,-15.9855277513742,7
"S7N2SUHC.csv","loglogistic",-22.0348143772239,-8.03481437722392,7
"S7N2SUHC.csv","generalizedgamma",-30.2412289757575,-2.24122897575751,7
"SLELFBN3_1.csv","exponential",-54.2378591922557,-49.571192525589,21
"SLELFBN3_1.csv","weibull",-81.2730207630847,-73.8612560572023,21
"SLELFBN3_1.csv","gompertz_hazard",-89.0104130499287,-81.5986483440464,21
"SLELFBN3_1.csv","gompertz_survival",-97.4632343751059,-90.0514696692236,21
"SLELFBN3_1.csv","loglogistic",-62.5761336915202,-55.1643689856378,21
"SLELFBN3_1.csv","generalizedgamma",-88.8676789257559,-78.3676789257559,21
"SLELFBN3_10.csv","exponential",-7.00992923505362,-2.34326256838695,21
"SLELFBN3_10.csv","weibull",-94.1306750719084,-86.718910366026,21
"SLELFBN3_10.csv","gompertz_hazard",-93.7852144029704,-86.373449697088,21
"SLELFBN3_10.csv","gompertz_survival",-95.5348958059804,-88.123131100098,21
"SLELFBN3_10.csv","loglogistic",-74.897637194368,-67.4858724884856,21
"SLELFBN3_10.csv","generalizedgamma",-97.1775664332502,-86.6775664332502,21
"SLELFBN3_11.csv","exponential",-5.01664046804636,-0.349973801379698,21
"SLELFBN3_11.csv","weibull",-81.9635793809733,-74.5518146750909,21
"SLELFBN3_11.csv","gompertz_hazard",-75.243224896532,-67.8314601906497,21
"SLELFBN3_11.csv","gompertz_survival",-75.3238889919998,-67.9121242861174,21
"SLELFBN3_11.csv","loglogistic",-104.696569524242,-97.2848048183595,21
"SLELFBN3_11.csv","generalizedgamma",-81.925546618401,-71.425546618401,21
"SLELFBN3_12.csv","exponential",-16.0360840316707,-11.369417365004,21
"SLELFBN3_12.csv","weibull",-67.6130073986767,-60.2012426927944,21
"SLELFBN3_12.csv","gompertz_hazard",-95.8720653295989,-88.4603006237165,21
"SLELFBN3_12.csv","gompertz_survival",-87.8383509059043,-80.4265862000219,21
"SLELFBN3_12.csv","loglogistic",-54.4108645617794,-46.999099855897,21
"SLELFBN3_12.csv","generalizedgamma",-75.1717245761306,-64.6717245761306,21
"SLELFBN3_13.csv","exponential",-21.1918214122869,-16.5251547456202,21
"SLELFBN3_13.csv","weibull",-80.036687562403,-72.6249228565206,21
"SLELFBN3_13.csv","gompertz_hazard",-77.1162408384559,-69.7044761325735,21
"SLELFBN3_13.csv","gompertz_survival",-81.9799676196333,-74.568202913751,21
"SLELFBN3_13.csv","loglogistic",-67.7013476296658,-60.2895829237834,21
"SLELFBN3_13.csv","generalizedgamma",-83.358002258107,-72.858002258107,21
"SLELFBN3_14.csv","exponential",-9.23140674795798,-4.56474008129131,21
"SLELFBN3_14.csv","weibull",-81.8257653447301,-74.4140006388477,21
"SLELFBN3_14.csv","gompertz_hazard",-62.0147898675624,-54.6030251616801,21
"SLELFBN3_14.csv","gompertz_survival",-65.7500891654216,-58.3383244595393,21
"SLELFBN3_14.csv","loglogistic",-86.2078570693383,-78.796092363456,21
"SLELFBN3_14.csv","generalizedgamma",-83.5847537372399,-73.0847537372399,21
"SLELFBN3_15.csv","exponential",-27.2832263826168,-22.6165597159501,21
"SLELFBN3_15.csv","weibull",-95.9535150760626,-88.5417503701802,21
"SLELFBN3_15.csv","gompertz_hazard",-68.0399444951419,-60.6281797892595,21
"SLELFBN3_15.csv","gompertz_survival",-88.0164261159238,-80.6046614100414,21
"SLELFBN3_15.csv","loglogistic",-76.8721667358961,-69.4604020300138,21
"SLELFBN3_15.csv","generalizedgamma",-97.8022079565736,-87.3022079565736,21
"SLELFBN3_16.csv","exponential",-33.7652730331036,-29.0986063664369,21
"SLELFBN3_16.csv","weibull",-59.8288086270806,-52.4170439211983,21
"SLELFBN3_16.csv","gompertz_hazard",-78.112367023539,-70.7006023176567,21
"SLELFBN3_16.csv","gompertz_survival",-73.1905257804004,-65.778761074518,21
"SLELFBN3_16.csv","loglogistic",-47.2360746862639,-39.8243099803815,21
"SLELFBN3_16.csv","generalizedgamma",-65.8995375814168,-55.3995375814168,21
"SLELFBN3_17.csv","exponential",-16.3867476905577,-11.720081023891,21
"SLELFBN3_17.csv","weibull",-109.871634756208,-102.459870050326,21
"SLELFBN3_17.csv","gompertz_hazard",-121.305534909989,-113.893770204107,21
"SLELFBN3_17.csv","gompertz_survival",-125.266988097189,-117.855223391307,21
"SLELFBN3_17.csv","loglogistic",-84.7961721451823,-77.3844074392999,21
"SLELFBN3_17.csv","generalizedgamma",-120.997844787467,-110.497844787467,21
"SLELFBN3_18.csv","exponential",-20.1806946057858,-15.5140279391191,21
"SLELFBN3_18.csv","weibull",-87.5549362636595,-80.1431715577772,21
"SLELFBN3_18.csv","gompertz_hazard",-70.0271857211865,-62.6154210153042,21
"SLELFBN3_18.csv","gompertz_survival",-72.5162549225409,-65.1044902166586,21
"SLELFBN3_18.csv","loglogistic",-123.823723504926,-116.411958799043,21
"SLELFBN3_18.csv","generalizedgamma",-87.5046723175056,-77.0046723175056,21
"SLELFBN3_19.csv","exponential",-21.6504409979281,-16.9837743312614,21
"SLELFBN3_19.csv","weibull",-110.817106719135,-103.405342013252,21
"SLELFBN3_19.csv","gompertz_hazard",-141.191576371841,-133.779811665959,21
"SLELFBN3_19.csv","gompertz_survival",-151.926102685172,-144.51433797929,21
"SLELFBN3_19.csv","loglogistic",-82.7226095236938,-75.3108448178115,21
"SLELFBN3_19.csv","generalizedgamma",-128.062727195461,-117.562727195461,21
"SLELFBN3_2.csv","exponential",-24.7626333732171,-20.0959667065504,21
"SLELFBN3_2.csv","weibull",-98.3362521133477,-90.9244874074653,21
"SLELFBN3_2.csv","gompertz_hazard",-85.8211845493148,-78.4094198434324,21
"SLELFBN3_2.csv","gompertz_survival",-88.7815304083415,-81.3697657024592,21
"SLELFBN3_2.csv","loglogistic",-95.718696221844,-88.3069315159617,21
"SLELFBN3_2.csv","generalizedgamma",-98.455657551612,-87.955657551612,21
"SLELFBN3_20.csv","exponential",-13.1204016510548,-8.45373498438814,21
"SLELFBN3_20.csv","weibull",-89.7304188574988,-82.3186541516165,21
"SLELFBN3_20.csv","gompertz_hazard",-76.7757032626965,-69.3639385568142,21
"SLELFBN3_20.csv","gompertz_survival",-77.4840582899995,-70.0722935841171,21
"SLELFBN3_20.csv","loglogistic",-127.490758538158,-120.078993832275,21
"SLELFBN3_20.csv","generalizedgamma",-89.678846348496,-79.178846348496,21
"SLELFBN3_21.csv","exponential",-22.0457865862309,-17.3791199195643,21
"SLELFBN3_21.csv","weibull",-82.3846247176213,-74.972860011739,21
"SLELFBN3_21.csv","gompertz_hazard",-75.1129365464406,-67.7011718405582,21
"SLELFBN3_21.csv","gompertz_survival",-76.745072685134,-69.3333079792517,21
"SLELFBN3_21.csv","loglogistic",-85.6825841288366,-78.2708194229543,21
"SLELFBN3_21.csv","generalizedgamma",-82.3890492758724,-71.8890492758724,21
"SLELFBN3_22.csv","exponential",-30.779456427229,-26.1127897605624,21
"SLELFBN3_22.csv","weibull",-82.0871012278305,-74.6753365219482,21
"SLELFBN3_22.csv","gompertz_hazard",-83.4473459376107,-76.0355812317284,21
"SLELFBN3_22.csv","gompertz_survival",-90.1873679429856,-82.7756032371032,21
"SLELFBN3_22.csv","loglogistic",-66.1942677725433,-58.782503066661,21
"SLELFBN3_22.csv","generalizedgamma",-86.4680245055403,-75.9680245055403,21
"SLELFBN3_23.csv","exponential",-30.1365871625412,-25.4699204958746,21
"SLELFBN3_23.csv","weibull",-104.747693240869,-97.3359285349863,21
"SLELFBN3_23.csv","gompertz_hazard",-78.3489577815267,-70.9371930756444,21
"SLELFBN3_23.csv","gompertz_survival",-87.635625903379,-80.2238611974966,21
"SLELFBN3_23.csv","loglogistic",-105.17046772405,-97.7587030181679,21
"SLELFBN3_23.csv","generalizedgamma",-104.693735993731,-94.1937359937314,21
"SLELFBN3_24.csv","exponential",-33.442940917733,-28.7762742510664,21
"SLELFBN3_24.csv","weibull",-79.4501105780766,-72.0383458721943,21
"SLELFBN3_24.csv","gompertz_hazard",-91.2204579225434,-83.808693216661,21
"SLELFBN3_24.csv","gompertz_survival",-88.9765321425736,-81.5647674366913,21
"SLELFBN3_24.csv","loglogistic",-69.2861867632403,-61.874422057358,21
"SLELFBN3_24.csv","generalizedgamma",-83.836007844582,-73.336007844582,21
"SLELFBN3_25.csv","exponential",-14.5428738624311,-9.87620719576442,21
"SLELFBN3_25.csv","weibull",-77.9288343119817,-70.5170696060993,21
"SLELFBN3_25.csv","gompertz_hazard",-82.3159227970418,-74.9041580911594,21
"SLELFBN3_25.csv","gompertz_survival",-83.553337693947,-76.1415729880647,21
"SLELFBN3_25.csv","loglogistic",-64.3394156035075,-56.9276508976251,21
"SLELFBN3_25.csv","generalizedgamma",-81.6774392390317,-71.1774392390317,21
"SLELFBN3_26.csv","exponential",-12.0235796232481,-7.35691295658146,21
"SLELFBN3_26.csv","weibull",-92.9445313715557,-85.5327666656733,21
"SLELFBN3_26.csv","gompertz_hazard",-102.351468971687,-94.9397042658043,21
"SLELFBN3_26.csv","gompertz_survival",-101.453801761853,-94.0420370559709,21
"SLELFBN3_26.csv","loglogistic",-81.67945722063,-74.2676925147477,21
"SLELFBN3_26.csv","generalizedgamma",-97.9972355182615,-87.4972355182615,21
"SLELFBN3_27.csv","exponential",-26.9311316452972,-22.2644649786305,21
"SLELFBN3_27.csv","weibull",-92.9716333378455,-85.5598686319631,21
"SLELFBN3_27.csv","gompertz_hazard",-108.732788429887,-101.321023724004,21
"SLELFBN3_27.csv","gompertz_survival",-117.233563287734,-109.821798581852,21
"SLELFBN3_27.csv","loglogistic",-71.2176531111225,-63.8058884052402,21
"SLELFBN3_27.csv","generalizedgamma",-103.460159183119,-92.9601591831187,21
"SLELFBN3_28.csv","exponential",-27.0208908033248,-22.3542241366582,21
"SLELFBN3_28.csv","weibull",-90.3465885716039,-82.9348238657216,21
"SLELFBN3_28.csv","gompertz_hazard",-90.2611861307258,-82.8494214248434,21
"SLELFBN3_28.csv","gompertz_survival",-98.4042502429186,-90.9924855370363,21
"SLELFBN3_28.csv","loglogistic",-72.4823748503132,-65.0706101444308,21
"SLELFBN3_28.csv","generalizedgamma",-95.7555887320492,-85.2555887320492,21
"SLELFBN3_29.csv","exponential",-30.1497373408552,-25.4830706741885,21
"SLELFBN3_29.csv","weibull",-69.7782361007483,-62.3664713948659,21
"SLELFBN3_29.csv","gompertz_hazard",-77.5553353763792,-70.1435706704968,21
"SLELFBN3_29.csv","gompertz_survival",-75.1731838208851,-67.7614191150027,21
"SLELFBN3_29.csv","loglogistic",-64.9907554319264,-57.578990726044,21
"SLELFBN3_29.csv","generalizedgamma",-72.4351044023786,-61.9351044023786,21
"SLELFBN3_3.csv","exponential",-25.0346509769649,-20.3679843102982,21
"SLELFBN3_3.csv","weibull",-66.9808281814999,-59.5690634756175,21
"SLELFBN3_3.csv","gompertz_hazard",-87.7884159788995,-80.3766512730171,21
"SLELFBN3_3.csv","gompertz_survival",-79.7284146816425,-72.3166499757601,21
"SLELFBN3_3.csv","loglogistic",-57.899805890753,-50.4880411848706,21
"SLELFBN3_3.csv","generalizedgamma",-71.8257796437134,-61.3257796437134,21
"SLELFBN3_30.csv","exponential",-34.301138666236,-29.6344719995693,21
"SLELFBN3_30.csv","weibull",-62.2909903191043,-54.8792256132219,21
"SLELFBN3_30.csv","gompertz_hazard",-64.9722608939919,-57.5604961881096,21
"SLELFBN3_30.csv","gompertz_survival",-64.1102267165223,-56.6984620106399,21
"SLELFBN3_30.csv","loglogistic",-62.9073834819534,-55.495618776071,21
"SLELFBN3_30.csv","generalizedgamma",-63.4433626921353,-52.9433626921353,21
"SLELFBN3_4.csv","exponential",-20.3474115900625,-15.6807449233958,21
"SLELFBN3_4.csv","weibull",-97.217484358897,-89.8057196530146,21
"SLELFBN3_4.csv","gompertz_hazard",-82.3097365232023,-74.8979718173199,21
"SLELFBN3_4.csv","gompertz_survival",-98.6692607566961,-91.2574960508138,21
"SLELFBN3_4.csv","loglogistic",-72.587812723195,-65.1760480173127,21
"SLELFBN3_4.csv","generalizedgamma",-104.456594991853,-93.9565949918531,21
"SLELFBN3_5.csv","exponential",-16.5510978633451,-11.8844311966784,21
"SLELFBN3_5.csv","weibull",-79.2660116945104,-71.854246988628,21
"SLELFBN3_5.csv","gompertz_hazard",-86.2215081588404,-78.8097434529581,21
"SLELFBN3_5.csv","gompertz_survival",-94.4088817915292,-86.9971170856468,21
"SLELFBN3_5.csv","loglogistic",-59.7962481494044,-52.3844834435221,21
"SLELFBN3_5.csv","generalizedgamma",-87.7225026338063,-77.2225026338063,21
"SLELFBN3_6.csv","exponential",-21.7734065995051,-17.1067399328384,21
"SLELFBN3_6.csv","weibull",-98.2969668916589,-90.8852021857766,21
"SLELFBN3_6.csv","gompertz_hazard",-95.7803278479206,-88.3685631420383,21
"SLELFBN3_6.csv","gompertz_survival",-95.5757631521038,-88.1639984462214,21
"SLELFBN3_6.csv","loglogistic",-103.726414807111,-96.3146501012286,21
"SLELFBN3_6.csv","generalizedgamma",-98.661692826989,-88.161692826989,21
"SLELFBN3_7.csv","exponential",-32.4054350554224,-27.7387683887558,21
"SLELFBN3_7.csv","weibull",-119.868039534487,-112.456274828605,21
"SLELFBN3_7.csv","gompertz_hazard",-147.846095016404,-140.434330310522,21
"SLELFBN3_7.csv","gompertz_survival",-151.730078040722,-144.31831333484,21
"SLELFBN3_7.csv","loglogistic",-95.4909737096691,-88.0792090037867,21
"SLELFBN3_7.csv","generalizedgamma",-133.753769752021,-123.253769752021,21
"SLELFBN3_8.csv","exponential",-47.7929739347804,-43.1263072681138,21
"SLELFBN3_8.csv","weibull",-68.0272965663597,-60.6155318604774,21
"SLELFBN3_8.csv","gompertz_hazard",-79.142169803151,-71.7304050972687,21
"SLELFBN3_8.csv","gompertz_survival",-78.8740649433762,-71.4623002374939,21
"SLELFBN3_8.csv","loglogistic",-54.3222552306713,-46.9104905247889,21
"SLELFBN3_8.csv","generalizedgamma",-73.5987203595141,-63.0987203595141,21
"SLELFBN3_9.csv","exponential",-17.0789677472941,-12.4123010806274,21
"SLELFBN3_9.csv","weibull",-83.4029302424698,-75.9911655365874,21
"SLELFBN3_9.csv","gompertz_hazard",-74.0266923698939,-66.6149276640116,21
"SLELFBN3_9.csv","gompertz_survival",-76.1846290704984,-68.7728643646161,21
"SLELFBN3_9.csv","loglogistic",-83.5953141780487,-76.1835494721664,21
"SLELFBN3_9.csv","generalizedgamma",-83.4715755975348,-72.9715755975348,21
"SRBH82HZ.csv","exponential",-0.882375689168476,3.8235066637727,20
"SRBH82HZ.csv","weibull",-64.7252099075412,-57.2252099075412,20
"SRBH82HZ.csv","gompertz_hazard",-57.1514670770684,-49.6514670770684,20
"SRBH82HZ.csv","gompertz_survival",-57.5077511329315,-50.0077511329315,20
"SRBH82HZ.csv","loglogistic",-68.0680114765453,-60.5680114765453,20
"SRBH82HZ.csv","generalizedgamma",-65.7491261856264,-55.0824595189597,20
"SV6FPWF7.csv","exponential",-8.30112824040028,-0.301128240400276,6
"SV6FPWF7.csv","weibull",-20.265273120072,-2.26527312007199,6
"SV6FPWF7.csv","gompertz_hazard",-18.1320463251729,-0.132046325172901,6
"SV6FPWF7.csv","gompertz_survival",-19.1630046651809,-1.1630046651809,6
"SV6FPWF7.csv","loglogistic",-22.5010207872951,-4.50102078729513,6
"SV6FPWF7.csv","generalizedgamma",-20.3445719060614,27.6554280939386,6
"T2BN4DYY_1.csv","exponential",-7.11141715247213,-0.71141715247213,8
"T2BN4DYY_1.csv","weibull",-29.4441721783191,-17.4441721783191,8
"T2BN4DYY_1.csv","gompertz_hazard",-36.5228315543605,-24.5228315543605,8
"T2BN4DYY_1.csv","gompertz_survival",-36.8403045286465,-24.8403045286465,8
"T2BN4DYY_1.csv","loglogistic",-22.3579038173239,-10.3579038173239,8
"T2BN4DYY_1.csv","generalizedgamma",-32.7460847090599,-11.4127513757265,8
"T2BN4DYY_2.csv","exponential",-3.32351641916595,3.07648358083405,8
"T2BN4DYY_2.csv","weibull",-32.6242240337034,-20.6242240337034,8
"T2BN4DYY_2.csv","gompertz_hazard",-34.7788060134019,-22.7788060134019,8
"T2BN4DYY_2.csv","gompertz_survival",-34.6864330800065,-22.6864330800065,8
"T2BN4DYY_2.csv","loglogistic",-27.6528219522889,-15.6528219522889,8
"T2BN4DYY_2.csv","generalizedgamma",-34.223294672804,-12.8899613394706,8
"T2BN4DYY_3.csv","exponential",-7.83965527310637,-1.43965527310637,8
"T2BN4DYY_3.csv","weibull",-35.5511740995193,-23.5511740995193,8
"T2BN4DYY_3.csv","gompertz_hazard",-37.7806781856097,-25.7806781856097,8
"T2BN4DYY_3.csv","gompertz_survival",-38.5743360281295,-26.5743360281295,8
"T2BN4DYY_3.csv","loglogistic",-28.4737710643151,-16.4737710643151,8
"T2BN4DYY_3.csv","generalizedgamma",-37.4557619505929,-16.1224286172596,8
"T7YQ8YYD.csv","exponential",-10.0659138320114,-3.06591383201141,7
"T7YQ8YYD.csv","weibull",-30.5426759720811,-16.5426759720811,7
"T7YQ8YYD.csv","gompertz_hazard",-7.8999481244414,6.1000518755586,7
"T7YQ8YYD.csv","gompertz_survival",-15.9444752175462,-1.94447521754621,7
"T7YQ8YYD.csv","loglogistic",-26.7835396852563,-12.7835396852563,7
"T7YQ8YYD.csv","generalizedgamma",-30.9037101206054,-2.90371012060536,7
"UVZ84E86_1.csv","exponential",-15.3640238861576,-9.86402388615762,11
"UVZ84E86_1.csv","weibull",-17.3740500039033,-7.94547857533183,11
"UVZ84E86_1.csv","gompertz_hazard",-25.5981661063433,-16.1695946777719,11
"UVZ84E86_1.csv","gompertz_survival",-20.9068886563555,-11.478317227784,11
"UVZ84E86_1.csv","loglogistic",-13.4329114698005,-4.00434004122902,11
"UVZ84E86_1.csv","generalizedgamma",-19.1958365734452,-4.52916990677849,11
"UVZ84E86_2.csv","exponential",-16.6820828056804,-10.6820828056804,9
"UVZ84E86_2.csv","weibull",-19.6420114836919,-8.84201148369192,9
"UVZ84E86_2.csv","gompertz_hazard",-23.3130069438648,-12.5130069438648,9
"UVZ84E86_2.csv","gompertz_survival",-22.883873398998,-12.083873398998,9
"UVZ84E86_2.csv","loglogistic",-15.9631111952373,-5.16311119523732,9
"UVZ84E86_2.csv","generalizedgamma",-21.2543501663829,-3.25435016638291,9
"UVZ84E86_3.csv","exponential",-24.7972028325814,-19.2972028325814,11
"UVZ84E86_3.csv","weibull",-25.4194583121667,-15.9908868835953,11
"UVZ84E86_3.csv","gompertz_hazard",-19.9952120383858,-10.5666406098144,11
"UVZ84E86_3.csv","gompertz_survival",-24.8360357975072,-15.4074643689358,11
"UVZ84E86_3.csv","loglogistic",-22.3165119003498,-12.8879404717784,11
"UVZ84E86_3.csv","generalizedgamma",-26.0139481506154,-11.3472814839487,11
"UZJU7AZ3.csv","exponential",-8.71062473202291,-0.710624732022911,6
"UZJU7AZ3.csv","weibull",-33.26698428564,-15.26698428564,6
"UZJU7AZ3.csv","gompertz_hazard",-24.2164963166043,-6.21649631660431,6
"UZJU7AZ3.csv","gompertz_survival",-41.1910595048337,-23.1910595048337,6
"UZJU7AZ3.csv","loglogistic",-21.8557183410507,-3.85571834105074,6
"UZJU7AZ3.csv","generalizedgamma",-38.8854392822974,9.1145607177026,6
"VIHXEEAD_1.csv","exponential",1.39781277878646,7.79781277878646,8
"VIHXEEAD_1.csv","weibull",-26.1115239976748,-14.1115239976748,8
"VIHXEEAD_1.csv","gompertz_hazard",-25.8333546171721,-13.8333546171721,8
"VIHXEEAD_1.csv","gompertz_survival",-25.8229304429567,-13.8229304429567,8
"VIHXEEAD_1.csv","loglogistic",-29.3673402045896,-17.3673402045896,8
"VIHXEEAD_1.csv","generalizedgamma",-26.1270703871373,-4.79373705380399,8
"VIHXEEAD_2.csv","exponential",3.32061420391665,10.3206142039167,7
"VIHXEEAD_2.csv","weibull",-30.5062672014239,-16.5062672014239,7
"VIHXEEAD_2.csv","gompertz_hazard",-31.6202588780329,-17.6202588780329,7
"VIHXEEAD_2.csv","gompertz_survival",-31.6191828239224,-17.6191828239224,7
"VIHXEEAD_2.csv","loglogistic",-29.7626167701575,-15.7626167701575,7
"VIHXEEAD_2.csv","generalizedgamma",-31.7267583152098,-3.72675831520983,7
"VIHXEEAD_3.csv","exponential",-4.16272406038371,1.83727593961629,9
"VIHXEEAD_3.csv","weibull",-29.6460610869847,-18.8460610869847,9
"VIHXEEAD_3.csv","gompertz_hazard",-28.1142181165594,-17.3142181165594,9
"VIHXEEAD_3.csv","gompertz_survival",-28.2261744700674,-17.4261744700674,9
"VIHXEEAD_3.csv","loglogistic",-33.9503878654193,-23.1503878654193,9
"VIHXEEAD_3.csv","generalizedgamma",-29.8153746359288,-11.8153746359288,9
"VIHXEEAD_4.csv","exponential",1.2897996936158,9.2897996936158,6
"VIHXEEAD_4.csv","weibull",-17.9133270095106,0.0866729904894079,6
"VIHXEEAD_4.csv","gompertz_hazard",-17.9801738787098,0.0198261212901798,6
"VIHXEEAD_4.csv","gompertz_survival",-17.9799017757006,0.0200982242994314,6
"VIHXEEAD_4.csv","loglogistic",-16.7835144776556,1.21648552234442,6
"VIHXEEAD_4.csv","generalizedgamma",-17.9742068619353,30.0257931380647,6
"VIHXEEAD_5.csv","exponential",1.33898365395252,9.33898365395252,6
"VIHXEEAD_5.csv","weibull",-21.5343992322683,-3.53439923226829,6
"VIHXEEAD_5.csv","gompertz_hazard",-20.0806792716114,-2.08067927161144,6
"VIHXEEAD_5.csv","gompertz_survival",-20.0864886327996,-2.08648863279961,6
"VIHXEEAD_5.csv","loglogistic",-24.7676053842301,-6.76760538423006,6
"VIHXEEAD_5.csv","generalizedgamma",-21.520013641215,26.479986358785,6
"VIHXEEAD_6.csv","exponential",-1.77676579296317,4.62323420703683,8
"VIHXEEAD_6.csv","weibull",-28.4137660346639,-16.4137660346639,8
"VIHXEEAD_6.csv","gompertz_hazard",-25.7998761882402,-13.7998761882402,8
"VIHXEEAD_6.csv","gompertz_survival",-25.8446663638287,-13.8446663638287,8
"VIHXEEAD_6.csv","loglogistic",-32.6509791871928,-20.6509791871928,8
"VIHXEEAD_6.csv","generalizedgamma",-28.4460262394856,-7.1126929061523,8
"VIHXEEAD_7.csv","exponential",-0.491002394767506,6.50899760523249,7
"VIHXEEAD_7.csv","weibull",-42.4332224159735,-28.4332224159735,7
"VIHXEEAD_7.csv","gompertz_hazard",-51.2044213302716,-37.2044213302716,7
"VIHXEEAD_7.csv","gompertz_survival",-51.9833840712582,-37.9833840712582,7
"VIHXEEAD_7.csv","loglogistic",-28.0831417300922,-14.0831417300922,7
"VIHXEEAD_7.csv","generalizedgamma",-54.7066101605258,-26.7066101605258,7
"VJNPUQFA.csv","exponential",8.96414980924961,14.4641498092496,11
"VJNPUQFA.csv","gompertz_hazard",8.96415751670157,18.392728945273,11
"X77QPVLL.csv","exponential",-11.5867661100413,-6.08676611004132,11
"X77QPVLL.csv","weibull",-65.3898695363378,-55.9612981077664,11
"X77QPVLL.csv","gompertz_hazard",-35.5883613120068,-26.1597898834354,11
"X77QPVLL.csv","gompertz_survival",-44.1456187751695,-34.7170473465981,11
"X77QPVLL.csv","loglogistic",-49.3854159538904,-39.9568445253189,11
"X77QPVLL.csv","generalizedgamma",-66.2987086638141,-51.6320419971474,11
"XBMKV3IW.csv","exponential",-4.02846088811681,2.37153911188319,8
"XBMKV3IW.csv","weibull",-31.9011544462809,-19.9011544462809,8
"XBMKV3IW.csv","gompertz_hazard",-26.5287123485694,-14.5287123485694,8
"XBMKV3IW.csv","gompertz_survival",-27.5286445962164,-15.5286445962164,8
"XBMKV3IW.csv","loglogistic",-30.5415894058926,-18.5415894058926,8
"XBMKV3IW.csv","generalizedgamma",-32.0271164318751,-10.6937830985418,8
"XRRJ7I7Z_1.csv","exponential",-8.93101730242067,-3.84010821151158,14
"XRRJ7I7Z_1.csv","weibull",-44.2825223879232,-35.8825223879232,14
"XRRJ7I7Z_1.csv","gompertz_hazard",-60.2999909839576,-51.8999909839576,14
"XRRJ7I7Z_1.csv","gompertz_survival",-57.5595948777449,-49.1595948777449,14
"XRRJ7I7Z_1.csv","loglogistic",-35.8915753045038,-27.4915753045038,14
"XRRJ7I7Z_1.csv","generalizedgamma",-49.6652444523213,-37.2208000078769,14
"XRRJ7I7Z_2.csv","exponential",-3.12208352230265,3.87791647769735,7
"XRRJ7I7Z_2.csv","weibull",-36.4134370672131,-22.4134370672131,7
"XRRJ7I7Z_2.csv","gompertz_hazard",-31.0272492845506,-17.0272492845506,7
"XRRJ7I7Z_2.csv","gompertz_survival",-31.5645987868707,-17.5645987868707,7
"XRRJ7I7Z_2.csv","loglogistic",-30.4316667778943,-16.4316667778943,7
"XRRJ7I7Z_2.csv","generalizedgamma",-36.4670167420632,-8.46701674206317,7
"XTJW7BAXA_1.csv","exponential",-21.8183720053176,-16.8183720053176,15
"XTJW7BAXA_1.csv","weibull",-67.1734529984341,-58.991634816616,15
"XTJW7BAXA_1.csv","gompertz_hazard",-54.4815163230642,-46.299698141246,15
"XTJW7BAXA_1.csv","gompertz_survival",-68.3517134005438,-60.1698952187256,15
"XTJW7BAXA_1.csv","loglogistic",-51.7574400587546,-43.5756218769364,15
"XTJW7BAXA_1.csv","generalizedgamma",-71.6846564125855,-59.6846564125855,15
"XTJW7BAXA_2.csv","exponential",-13.1321854850859,-8.13218548508588,15
"XTJW7BAXA_2.csv","weibull",-63.0335547768063,-54.8517365949881,15
"XTJW7BAXA_2.csv","gompertz_hazard",-52.4175378802201,-44.235719698402,15
"XTJW7BAXA_2.csv","gompertz_survival",-55.1066517694548,-46.9248335876366,15
"XTJW7BAXA_2.csv","loglogistic",-62.2494971264289,-54.0676789446107,15
"XTJW7BAXA_2.csv","generalizedgamma",-63.0580425283004,-51.0580425283004,15
"XTJW7BAXA_3.csv","exponential",-21.8678477362153,-16.8678477362153,15
"XTJW7BAXA_3.csv","weibull",-44.6676295802326,-36.4858113984144,15
"XTJW7BAXA_3.csv","gompertz_hazard",-28.5626624897133,-20.3808443078951,15
"XTJW7BAXA_3.csv","gompertz_survival",-38.2084796240213,-30.0266614422031,15
"XTJW7BAXA_3.csv","loglogistic",-48.6599182433009,-40.4781000614827,15
"XTJW7BAXA_3.csv","generalizedgamma",-45.8315792960863,-33.8315792960863,15
"XTJW7BAXA_4.csv","exponential",-17.765104018489,-12.6741949275799,14
"XTJW7BAXA_4.csv","weibull",-54.4911566551521,-46.0911566551521,14
"XTJW7BAXA_4.csv","gompertz_hazard",-41.0494690387225,-32.6494690387225,14
"XTJW7BAXA_4.csv","gompertz_survival",-46.6730072262168,-38.2730072262168,14
"XTJW7BAXA_4.csv","loglogistic",-51.5173838795509,-43.1173838795509,14
"XTJW7BAXA_4.csv","generalizedgamma",-55.6250673165539,-43.1806228721094,14
"XTJW7BAXA_5.csv","exponential",-17.6902251347933,-12.6902251347933,15
"XTJW7BAXA_5.csv","weibull",-56.8876798330712,-48.705861651253,15
"XTJW7BAXA_5.csv","gompertz_hazard",-36.6067492899472,-28.424931108129,15
"XTJW7BAXA_5.csv","gompertz_survival",-45.2691754984172,-37.0873573165991,15
"XTJW7BAXA_5.csv","loglogistic",-60.955186013615,-52.7733678317968,15
"XTJW7BAXA_5.csv","generalizedgamma",-58.3020518669393,-46.3020518669393,15
"XTJW7BAXA_6.csv","exponential",-17.9759391060709,-12.9759391060709,15
"XTJW7BAXA_6.csv","weibull",-56.6505160787944,-48.4686978969762,15
"XTJW7BAXA_6.csv","gompertz_hazard",-36.416279465268,-28.2344612834498,15
"XTJW7BAXA_6.csv","gompertz_survival",-45.256154965755,-37.0743367839369,15
"XTJW7BAXA_6.csv","loglogistic",-60.6938039206567,-52.5119857388385,15
"XTJW7BAXA_6.csv","generalizedgamma",-58.0463115743597,-46.0463115743597,15
"XTJW7BAXA_7.csv","exponential",-9.92663613551501,-4.83572704460592,14
"XTJW7BAXA_7.csv","weibull",-46.2470483684573,-37.8470483684573,14
"XTJW7BAXA_7.csv","gompertz_hazard",-36.2250331099896,-27.8250331099896,14
"XTJW7BAXA_7.csv","gompertz_survival",-37.8665264406808,-29.4665264406808,14
"XTJW7BAXA_7.csv","loglogistic",-61.7000595484686,-53.3000595484686,14
"XTJW7BAXA_7.csv","generalizedgamma",-46.2244690903582,-33.7800246459137,14
"XTJW7BAXA_8.csv","exponential",-10.7224185336978,-5.72241853369778,15
"XTJW7BAXA_8.csv","weibull",-56.116842084373,-47.9350239025548,15
"XTJW7BAXA_8.csv","gompertz_hazard",-70.3736151099389,-62.1917969281207,15
"XTJW7BAXA_8.csv","gompertz_survival",-70.4790572998639,-62.2972391180457,15
"XTJW7BAXA_8.csv","loglogistic",-43.5802021670053,-35.3983839851871,15
"XTJW7BAXA_8.csv","generalizedgamma",-62.4419544007855,-50.4419544007855,15
"XTJW7BAXB_1.csv","exponential",-34.0510738062409,-29.5293346758061,26
"XTJW7BAXB_1.csv","weibull",-185.974379440954,-178.883470350045,26
"XTJW7BAXB_1.csv","gompertz_hazard",-142.471851690437,-135.380942599528,26
"XTJW7BAXB_1.csv","gompertz_survival",-151.459069076828,-144.368159985919,26
"XTJW7BAXB_1.csv","loglogistic",-134.649551421303,-127.558642330394,26
"XTJW7BAXB_1.csv","generalizedgamma",-185.321605207156,-175.416843302394,26
"XTJW7BAXB_2.csv","exponential",-7.32109504703591,-2.79935591660113,26
"XTJW7BAXB_2.csv","weibull",-125.414441254216,-118.323532163307,26
"XTJW7BAXB_2.csv","gompertz_hazard",-105.347261983363,-98.2563528924537,26
"XTJW7BAXB_2.csv","gompertz_survival",-106.351830185547,-99.2609210946376,26
"XTJW7BAXB_2.csv","loglogistic",-123.088473259894,-115.997564168985,26
"XTJW7BAXB_2.csv","generalizedgamma",-128.638704116847,-118.733942212086,26
"XTJW7BAXB_4.csv","exponential",-16.0731154783187,-11.5513763478839,26
"XTJW7BAXB_4.csv","weibull",-154.502657328034,-147.411748237125,26
"XTJW7BAXB_4.csv","gompertz_hazard",-158.752848653557,-151.661939562648,26
"XTJW7BAXB_4.csv","gompertz_survival",-162.691150684562,-155.600241593653,26
"XTJW7BAXB_4.csv","loglogistic",-102.474596812149,-95.38368772124,26
"XTJW7BAXB_4.csv","generalizedgamma",-167.96098548677,-158.056223582008,26
"XTJW7BAXB_5.csv","exponential",-5.46380878749743,-0.942069657062643,26
"XTJW7BAXB_5.csv","weibull",-130.904773147617,-123.813864056708,26
"XTJW7BAXB_5.csv","gompertz_hazard",-133.824331346028,-126.733422255119,26
"XTJW7BAXB_5.csv","gompertz_survival",-134.122099054657,-127.031189963748,26
"XTJW7BAXB_5.csv","loglogistic",-101.624837065678,-94.5339279747689,26
"XTJW7BAXB_5.csv","generalizedgamma",-135.472993465896,-125.568231561134,26
"YBV4EBWM_3.csv","exponential",-14.3068307053824,-7.30683070538242,7
"YBV4EBWM_3.csv","weibull",-20.5601842121594,-6.56018421215937,7
"YBV4EBWM_3.csv","gompertz_hazard",-16.8335843557092,-2.83358435570923,7
"YBV4EBWM_3.csv","gompertz_survival",-18.093500160553,-4.09350016055299,7
"YBV4EBWM_3.csv","loglogistic",-26.1372531967481,-12.1372531967481,7
"YBV4EBWM_3.csv","generalizedgamma",-21.5646347317495,6.43536526825051,7
"YBV4EBWM_4.csv","exponential",-22.2818020003491,-14.2818020003491,6
"YBV4EBWM_4.csv","weibull",-25.399221998125,-7.39922199812502,6
"YBV4EBWM_4.csv","gompertz_hazard",-12.0288506325379,5.97114936746214,6
"YBV4EBWM_4.csv","gompertz_survival",-22.8131187215352,-4.81311872153523,6
"YBV4EBWM_4.csv","loglogistic",-36.1625494093784,-18.1625494093784,6
"YBV4EBWM_4.csv","generalizedgamma",-27.727702432023,20.272297567977,6
"YBV4EBWM_5.csv","exponential",-24.9244731911716,-17.9244731911716,7
"YBV4EBWM_5.csv","weibull",-26.3318657116788,-12.3318657116788,7
"YBV4EBWM_5.csv","gompertz_hazard",-14.2545819582431,-0.254581958243126,7
"YBV4EBWM_5.csv","gompertz_survival",-27.4644846104306,-13.4644846104306,7
"YBV4EBWM_5.csv","loglogistic",-21.8385111831278,-7.83851118312782,7
"YBV4EBWM_5.csv","generalizedgamma",-27.3874552405677,0.612544759432254,7
"YBV4EBWM_6.csv","exponential",-26.7344881367408,-19.7344881367408,7
"YBV4EBWM_6.csv","weibull",-31.9466835114031,-17.9466835114031,7
"YBV4EBWM_6.csv","gompertz_hazard",-16.8674579207487,-2.86745792074873,7
"YBV4EBWM_6.csv","gompertz_survival",-35.9466566769487,-21.9466566769487,7
"YBV4EBWM_6.csv","loglogistic",-23.9226619918376,-9.92266199183764,7
"YBV4EBWM_6.csv","generalizedgamma",-34.8714024968249,-6.87140249682491,7
"YBV4EBWM_8.csv","exponential",-11.2014585773825,-4.80145857738252,8
"YBV4EBWM_8.csv","weibull",-14.2341666648664,-2.23416666486643,8
"YBV4EBWM_8.csv","gompertz_hazard",-18.0551843279077,-6.05518432790765,8
"YBV4EBWM_8.csv","gompertz_survival",-16.9998594527276,-4.99985945272756,8
"YBV4EBWM_8.csv","loglogistic",-11.6491562902127,0.350843709787252,8
"YBV4EBWM_8.csv","generalizedgamma",-15.4021799756063,5.93115335772707,8
"YLS4M9LW_1.csv","exponential",-18.0197378831666,-12.5197378831666,11
"YLS4M9LW_1.csv","weibull",-33.2322420190666,-23.8036705904952,11
"YLS4M9LW_1.csv","gompertz_hazard",-30.7553241646883,-21.3267527361169,11
"YLS4M9LW_1.csv","gompertz_survival",-33.9306733287211,-24.5021019001497,11
"YLS4M9LW_1.csv","loglogistic",-29.5257170807349,-20.0971456521634,11
"YLS4M9LW_1.csv","generalizedgamma",-34.4173937896116,-19.7507271229449,11
"YLS4M9LW_2.csv","exponential",-4.00280123859958,1.33053209473375,12
"YLS4M9LW_2.csv","weibull",-36.036924125852,-27.036924125852,12
"YLS4M9LW_2.csv","gompertz_hazard",-41.9620425887327,-32.9620425887327,12
"YLS4M9LW_2.csv","gompertz_survival",-41.0062624670547,-32.0062624670547,12
"YLS4M9LW_2.csv","loglogistic",-31.6528302641975,-22.6528302641975,12
"YLS4M9LW_2.csv","generalizedgamma",-38.4427844769249,-24.7284987626392,12
"YW5RIC2A_1.csv","exponential",1.60292518466448,9.60292518466448,6
"YW5RIC2A_1.csv","weibull",-12.026532002216,5.97346799778395,6
"YW5RIC2A_1.csv","gompertz_hazard",-11.6824990712604,6.31750092873963,6
"YW5RIC2A_1.csv","gompertz_survival",-11.6992665559196,6.30073344408044,6
"YW5RIC2A_1.csv","loglogistic",-19.2648759886089,-1.26487598860894,6
"YW5RIC2A_1.csv","generalizedgamma",-12.0824877417942,35.9175122582058,6
"YW5RIC2A_2.csv","exponential",-0.72992308850463,7.27007691149537,6
"YW5RIC2A_2.csv","weibull",-67.0753417288346,-49.0753417288346,6
"YW5RIC2A_2.csv","gompertz_hazard",-38.6038152664169,-20.6038152664169,6
"YW5RIC2A_2.csv","gompertz_survival",-47.2292071018178,-29.2292071018178,6
"YW5RIC2A_2.csv","loglogistic",-67.07419884036,-49.07419884036,6
"YW5RIC2A_2.csv","generalizedgamma",-67.2870934547386,-19.2870934547386,6
"YW5RIC2A_4.csv","exponential",0.980495048631493,8.98049504863149,6
"YW5RIC2A_4.csv","weibull",-41.3913471408883,-23.3913471408883,6
"YW5RIC2A_4.csv","gompertz_hazard",-36.3732255155027,-18.3732255155027,6
"YW5RIC2A_4.csv","gompertz_survival",-36.382178201751,-18.382178201751,6
"YW5RIC2A_4.csv","loglogistic",-41.9464827570404,-23.9464827570404,6
"YW5RIC2A_4.csv","generalizedgamma",-42.3601779242706,5.63982207572941,6
"YW5RIC2A_5.csv","exponential",-0.292215746607886,6.10778425339211,8
"YW5RIC2A_5.csv","weibull",-30.9477078817551,-18.9477078817551,8
"YW5RIC2A_5.csv","gompertz_hazard",-30.1291195397491,-18.1291195397491,8
"YW5RIC2A_5.csv","gompertz_survival",-30.1291217552496,-18.1291217552496,8
"YW5RIC2A_5.csv","loglogistic",-34.9367550799242,-22.9367550799242,8
"YW5RIC2A_5.csv","generalizedgamma",-30.9161862141574,-9.58285288082405,8
"ZCAWUV8Y.csv","exponential",-27.5347601423611,-22.9633315709325,24
"ZCAWUV8Y.csv","weibull",-35.1843668532867,-27.9843668532867,24
"ZCAWUV8Y.csv","gompertz_hazard",-26.8831287191131,-19.6831287191131,24
"ZCAWUV8Y.csv","gompertz_survival",-32.4589947400126,-25.2589947400126,24
"ZCAWUV8Y.csv","loglogistic",-37.6422913194449,-30.4422913194449,24
"ZCAWUV8Y.csv","generalizedgamma",-36.4135370339684,-26.3082738760737,24
"ZLW7PCRF.csv","exponential",-17.0198707125825,-11.8198707125825,13
"ZLW7PCRF.csv","weibull",-38.0381029984759,-29.3714363318092,13
"ZLW7PCRF.csv","gompertz_hazard",-41.0048271101084,-32.3381604434418,13
"ZLW7PCRF.csv","gompertz_survival",-41.990207009068,-33.3235403424013,13
"ZLW7PCRF.csv","loglogistic",-32.0010719894548,-23.3344053227881,13
"ZLW7PCRF.csv","generalizedgamma",-40.0786074378396,-27.0786074378396,13
"ZTZLQNEE.csv","exponential",-0.608004155720156,7.39199584427984,6
"ZTZLQNEE.csv","weibull",-48.8120761958335,-30.8120761958335,6
"ZTZLQNEE.csv","gompertz_hazard",-50.5809962922043,-32.5809962922043,6
"ZTZLQNEE.csv","gompertz_survival",-50.5872116936289,-32.5872116936289,6
"ZTZLQNEE.csv","loglogistic",-25.7257306550073,-7.72573065500731,6
"ZTZLQNEE.csv","generalizedgamma",-57.2449600529325,-9.24496005293247,6
