"Dataset","constant_AICc","constant_lambda","gompertz_AICc","survival_a","gompertz_b","weibull_AICc","weibull_lambda","weibull_k","loglogistic_AICc","loglogistic_alpha","loglogistic_beta","gamma_AICc","gamma_alpha","gamma_beta","gamma_gamma","deltaCG"
"2DRM7FWM.csv",-0.353603706059078,1.70740049671536,1.26868244453663,0.606968957916835,2.81881186877031,4.3788689328806,0.595438607997609,1.90031931262399,7.29898200369873,0.480968246277072,2.87252763551851,33.0095070387919,2.42108180435034,0.921042566984346,1.37743180824667,-1.62228615059571
"2DVV3DN4_1.csv",4.18096674919672,1.74141924878677,-2.81885875286334,0.0987107501873508,6.53819047385086,-2.283873614445,0.636180399314448,4.18406687787243,0.129438506953814,0.573199013422324,6.55863001550501,27.2928756031314,1.35251350001509,0.686631551671875,3.46579532640208,6.99982550206006
"2DVV3DN4_2.csv",8.83681364521729,1.87149096559355,-6.89191116050171,2.11833424858154e-06,27.6247074711826,-6.89276244496499,0.592434722754976,15.0676897009478,-12.6815412727821,0.572168885528313,16.9563269039808,NA,NA,NA,NA,15.728724805719
"2JL6JPJI_1.csv",-7.18511508009215,1.67567479838688,-44.9898475126182,0.361603956737843,4.31333761573573,-60.4673969513662,0.57650372006873,2.53328950013766,-47.4872728883218,0.481545499907051,3.83976657890817,-56.4236745942173,1.00164393955819,0.576973093602264,2.52935925822933,37.804732432526
"2JL6JPJI_2.csv",-2.91036894869803,1.32895368709289,-44.5943427380881,0.180836146394564,4.86128687442989,-51.1134334647798,0.668748221899761,3.09056660995638,-41.6363309394694,0.57494280673539,4.51767829368332,-47.9372900724762,1.10295171776175,0.693715853843098,2.88283881101138,41.6839737893901
"2RIUMKJR.csv",5.57115071966786,1.6936651547948,-9.76323304660153,9.3369100797156e-05,17.49437196427,-10.7622593685694,0.693055554167709,12.1682813512794,-12.8951389109134,0.669902457391496,20.3796991402795,19.3010422234746,2894.64920590619,1.32853761987685,6.1398307736242,15.3343837662694
"2TEFS36B_1.csv",-2.02800586195354,1.55913099791459,-47.5258020889242,0.0725543483412746,7.26865778251283,-40.4078948898419,0.630491771034941,4.59299708014455,-35.1231175751907,0.578950812629152,7.63673989335563,-39.8232743379286,3.87696288058996,0.833603105844281,2.97105927145325,45.4977962269707
"2TEFS36B_2.csv",-30.3522704844637,1.96725313849851,-115.993460274749,0.580665144121894,4.75801585864855,-139.379503816293,0.456193470897941,2.2420732497177,-103.678640290017,0.375799295654446,3.22131448953745,-136.756287044239,562.734161718198,7.26979519839874,1.15134134817249,85.6411897902853
"2WHSRREX.csv",6.16259697725903,1.1637971558286,-38.8686171355972,0.000351506424605435,13.2811929051682,-40.6386859269478,0.792351044730767,10.2549884573718,-44.1498563209458,0.759538013071017,15.5415659658763,-38.3932046234069,0.94807878510789,0.787183313442345,10.8522839126318,45.0312141128562
"2ZR3YCWG_1.csv",1.48273570111154,1.40395020925064,-27.8091121553241,0.16019758189326,5.26049398712265,-31.5418645863973,0.655244584052105,3.23602840534023,-24.6811745995173,0.566437886280517,4.8509648637384,-25.7384573247215,1.07428732643172,0.672716461463274,3.06257108811363,29.2918478564356
"2ZR3YCWG_2.csv",-3.53577627300818,1.43977510208033,-32.2677085762756,0.326440554999734,3.75369710950096,-20.8293988329744,0.656362116681503,2.47820987593321,-13.1581045634399,0.551014171822199,3.64241893368042,-18.0253141984103,2.48743763910802,0.926813078009869,1.78550962114982,28.7319323032674
"2ZR3YCWG_3.csv",2.79547346847108,1.68010545982744,-12.5923118688456,0.317128705864296,4.32806184637077,-12.8437057796516,0.602514602924112,2.62902972259466,-2.85617543465841,0.506303318957427,4.05174975508795,13.5879886175961,1.39413739400072,0.688018273975309,2.18652421202639,15.3877853373167
"3D39X359_1.csv",5.22420372557661,1.82095074671952,-21.1044579127057,0.00697497622555559,16.4621518582867,-22.0219687327805,0.472866045833504,6.82070745449961,-32.5917435810823,0.448397141749456,7.76528542041861,-14.809146206469,36323.5842522362,2.19231345984074,3.42470466011125,26.3286616382823
"3D39X359_2.csv",-0.595876791594449,1.87702913108941,-16.0845661191895,0.279970502517667,5.19954335067198,-20.4181165771547,0.556740202346479,2.99110850278371,-26.2663170883914,0.473321083465731,4.76747794550335,-15.6357839443731,0.932280442097023,0.537072969548298,3.28662445457595,15.4886893275951
"3D39X359_3.csv",-0.506535249069339,3.21684168224578,-11.2622443320863,0.385290353561718,10.1018903022019,-14.5748481520196,0.321719523479622,3.15717793820084,-20.7949927468959,0.273398034346418,5.41709585014546,-9.33009092866575,450358.856035256,19.8938022007501,1.57853456316009,10.755709083017
"3D39X359_4.csv",-6.02920585413598,2.84439696591673,-27.3913029944749,0.433764174702796,7.76502680641253,-34.5829101195869,0.370487397033671,2.84897120242742,-44.2937483578111,0.313907356377637,4.38233357142927,-30.5178853614995,219775.122450148,27.6984643276901,1.42589743859417,21.3620971403389
"3D39X359_5.csv",-14.8137532355966,2.99674676316808,-38.804023537226,0.69914194907502,5.89923051671925,-44.2322265828727,0.374085030703126,2.48414006451077,-44.6843713592612,0.31713654060666,3.99553661252253,-40.1578620824779,19759.0162631935,19.8296846319608,1.24665044181735,23.9902703016294
"3D39X359_6.csv",-18.4841242872178,1.90906523385145,-87.4920327498476,0.437743923273138,4.68392127485295,-89.9610991555937,0.515862004816428,2.4198532120501,-67.3407642218134,0.43106066690235,3.63291270864354,-89.6339868714671,4.26300679041853,0.894128247981351,1.59306652746667,69.0079084626298
"3R5CQ6F8.csv",-32.4470619003502,3.73130372452173,-101.309034228297,0.601968927783742,9.6601325768033,-112.339782970209,0.285453707205801,2.71499469586856,-105.789330906756,0.239742086736746,4.13337373846335,-109.704674231986,0.988546077077135,0.283899779640112,2.74412817909335,68.8619723279468
"3X7F3DH4.csv",2.86650226946985,1.04243334408428,-18.3954491342246,0.0711662395782284,5.93155966986569,-21.9107355304435,0.73788772302067,3.96645747038558,-23.0134591435921,0.654730006586919,5.75652300205698,-17.5932187952456,0.926619234859713,0.717879912483927,4.3173118250048,21.2619514036945
"4DL6XEZ8_1.csv",-9.76761559147857,3.66003342299651,-4.68460547111826,2.63513748519765,1.54939909305721,-0.326080120683137,0.294328655501137,1.33152096296514,6.17809563995632,0.230393413619389,2.60761088046216,Inf,1.42480992727394,0.389439046395658,1.02678424117345,-5.08301012036031
"4SCACQZH_1.csv",2.82645647456502,0.567929168299254,-31.9670386896819,0.00291772128350279,8.9429113759169,-30.6109895890845,0.894067711924927,7.42416727532419,-26.0563365419403,0.841633288458665,10.2703761754855,-27.7632133872778,1.79634256326114,0.963702826913502,5.89666283520514,34.7934951642469
"4SCACQZH_2.csv",0.275499947562808,0.583182950096124,-66.2453917654263,0.0079591775734235,8.77964748193487,-76.8851427432611,0.793183219311541,5.95440972232228,-67.8604864308012,0.727870068417077,8.27617717740657,-73.1632759223786,171049.551187103,5.98034508852381,2.98325364578007,66.5208917129891
"53R259IA.csv",6.08099592889429,1.15801941505856,-10.9154720363414,0.0701683736633797,5.70538650918661,-8.05150896163352,0.76236629273949,4.10469931773861,-0.713954378379089,0.68172076727094,5.96859174030199,19.2904537953154,1.60227967895051,0.855237648039337,3.2869465610133,16.9964679652357
"575DA7SF_3.csv",-4.85790790312407,1.48953448333893,-7.4120606552871,0.207654390463228,3.91169857503266,-4.40687379897348,0.767642518165183,3.83951451160936,-3.37749467937298,0.693226302553271,6.26586997877661,1.97591247757886,3.72491193477011,1.08998511453623,2.27016162974965,2.55415275216303
"575DA7SF_4.csv",-5.46879423989817,1.4838374491599,-8.18650356487434,0.233645025249063,3.72969650532614,-4.97829048319693,0.761451169182924,3.59188697840463,-3.92233301836966,0.683783922013975,5.8887954481078,1.33345509514809,3.69960141974093,1.10597179987825,2.12409138061794,2.71770932497617
"575DA7SF_5.csv",-8.89195453439613,3.89704820233672,-3.13478791624271,2.92047165659695,1.7118355276225,-2.68894916421136,0.25889665610251,1.15724165108801,-1.43429213901405,0.169382785163187,1.68205718838427,11.0314296211539,1.47048732731928,0.363860322789802,0.961263947568224,-5.75716661815342
"575DA7SF_6.csv",-9.57093508389067,3.88885760697939,-4.11976662890489,2.87824425113469,1.78592840238655,-3.59258307784181,0.25944366709439,1.16924142557908,-2.17207919886613,0.17057674284339,1.70352903392302,10.0801287680926,1.50355198756696,0.369882365377985,0.963067617104229,-5.45116845498578
"59BLIYRR.csv",0.930780339997349,1.85491113322656,-94.9596377087958,0.0483924241328161,9.85433254128628,-91.9499509416826,0.536687007422545,4.94259171141611,-73.8752432075014,0.492971819461282,7.86119398043924,-93.8445252634342,8.61021842169429,0.801089713274876,3.00349105546569,95.8904180487932
"59XSYFHS.csv",0.858424676173513,1.39312313758781,-43.3280586767703,0.116201838106368,6.99522319615859,-47.9287882404285,0.576456693408337,3.79862021515541,-51.7086569122335,0.50380541440954,5.78257273576643,-45.6765051998646,0.943989291157574,0.56368006275593,4.03103912617119,44.1864833529438
"5NVSCRNB_1.csv",7.9434931044201,1.29376412528249,18.9203327900111,0.00838259454244001,7.99389053360776,18.6009573396668,0.854252581847047,7.03902423405074,17.5780738425599,0.806075185665321,13.0596116207088,Inf,0.92812578574772,0.841177110921862,8.09870741466991,-10.976839685591
"5NVSCRNB_2.csv",7.93855768476048,1.29543473979012,18.9727380020858,0.00860225282918774,7.97289678896887,18.6584070604038,0.852931280195553,7.01248533094868,17.6479441519649,0.804691176228396,13.0413020800972,Inf,0.928976394584678,0.840023556342758,8.04980607425404,-11.0341803173253
"72SE5ARY_1.csv",-57.700411404968,9.51803419696929,-60.2756466423663,11.8013471801915,-2.34245409054198,-71.5943821649961,0.0883720605941507,0.686691819878453,-58.020509994086,0.0522120416911447,1.28167427714715,NA,NA,NA,NA,2.5752352373983
"72SE5ARY_2.csv",-61.6818304329285,10.6653988527199,-77.998138465006,14.191170859568,-3.71874147813608,-111.745867208656,0.0737580918439378,0.590711741828883,-86.0748506705366,0.0459441363605954,1.20256500235709,NA,NA,NA,NA,16.3163080320775
"79KTQG42_1.csv",-18.0067568799178,4.64533016254566,-11.0823959965797,3.8307575475114,1.18601170212084,-12.3636823564286,0.227553139252063,1.24435213639911,-14.4416129490755,0.179425501070116,2.54255887848562,17.6392240998757,217363.296961668,4399.02930534038,0.622709604750019,-6.9243608833381
"7BHF4LIC_1.csv",-31.6415869403225,2.26298461932929,-136.443176379921,0.364786162783304,6.68077980049398,-173.779707812282,0.436655769193538,2.73155491496209,-218.314942343414,0.371982916843486,4.22023053088478,-171.203833917463,89929.575916392,28.2339377367174,1.36850370636797,104.801589439599
"7BHF4LIC_2.csv",-28.6935531723795,1.65603429859884,-161.233598115942,0.299953523528851,4.90696147489298,-240.683120995712,0.56882219932813,2.74058528630629,-203.742473751405,0.483016754123941,4.15405098380893,-250.063681693112,0.947394777305489,0.554130320758074,2.91476694005274,132.540044943562
"7BHF4LIC_3.csv",-68.5724527739498,2.26473605359779,-214.174643941118,0.527246904583648,5.48341957538734,-289.540229997755,0.435287680614287,2.40647917561358,-443.73857074528,0.362423857476083,3.72968756802905,-287.030434267975,198626.189138491,68.9126169256731,1.20467218875907,145.602191167168
"7CJPGPP9_1.csv",-2.10121059275868,1.58784692127955,-40.3115591275557,0.178615447896067,5.81798730561413,-44.0927116409422,0.59453175767172,3.25444282863105,-39.982579114524,0.518772917729775,5.0643139582181,-40.0964690255886,57.5976139068438,1.94678398990403,1.76069442992262,38.210348534797
"7CJPGPP9_2.csv",-1.52100780665705,1.56688145039823,-43.7233250725422,0.18170048558037,5.67770166397185,-50.9060517229433,0.600117997697959,3.18795993102143,-39.0911191501072,0.519558357325416,4.79671970112544,-46.9480655675921,1.07579358837193,0.616348107276644,3.01634205160636,42.2023172658851
"83ZYKHKT.csv",-5.10919385939124,5.58116066581841,0.516536576984704,3.49523339931672,3.47843408013068,0.831969329264945,0.193078144115142,1.3756553266786,1.66861801405493,0.14375536565953,2.25892224961068,14.6588649391552,1.60107232064178,0.273384172200167,1.05751105367373,-5.62573043637594
"8C5XBCN2A.csv",-1.03175528638103,1.60328605268889,-27.3187658626663,0.28627009024868,4.49704733811746,-21.6053911061906,0.610243229678758,2.68464309423983,-12.4052432299633,0.515283855421852,3.97557001268892,-16.0912436493775,1.81713728241206,0.758173114472751,2.07870849248797,26.2870105762853
"8C5XBCN2B.csv",-1.03175528638103,1.60328605268889,-27.3187658626663,0.28627009024868,4.49704733811746,-21.6053911061906,0.610243229678758,2.68464309423983,-12.4052432299633,0.515283855421852,3.97557001268892,-16.0912436493775,1.81713728241206,0.758173114472751,2.07870849248797,26.2870105762853
"8VX95356.csv",-43.1639143001992,3.07974705268256,-42.3285786121084,2.67259337624444,0.61660243790696,-40.3135353845165,0.326909855288355,1.03881586724912,-29.9003517422991,0.214786799019555,1.59961911678618,-40.450203360474,1.85112161321892,0.589057367087968,0.778896414415578,-0.835335688090801
"8WWUNHQ2.csv",-16.3621479610659,2.1855934516048,-27.2949756077478,1.41007442339659,1.46937966606186,-23.7008530189034,0.46961604086113,1.37527018784603,-15.1404910596056,0.341351613520875,2.08517178869709,-16.5700508597212,1.52674210730971,0.642826254580766,1.09565513395793,10.9328276466819
"9HB7IP4W_1.csv",-68.6683483694596,2.61105060685159,-89.509807568479,1.87318497296132,1.31179229884937,-102.943865850253,0.393252613984599,1.33577157376817,-104.395335487038,0.284643047373831,2.12474161942496,-102.989374650315,0.938690103201434,0.36921620057664,1.45585112532989,20.8414591990194
"9HB7IP4W_10.csv",-16.4531882392536,1.67061733638868,-90.7195332916136,0.38730284231386,4.11053087302785,-100.588413040138,0.579215771805652,2.43618731149793,-69.3804983769935,0.480842029197141,3.62558611667093,-103.610917026757,1.25260376883933,0.639778304597014,2.12255865954331,74.26634505236
"9HB7IP4W_2.csv",-9.26648569509865,1.65250822877156,-59.9618759836844,0.382135876965049,4.08173292987251,-58.6806532844692,0.58664138766164,2.45841780884264,-40.3500498792909,0.49186144960791,3.77731942363649,-61.6095796643477,3.5484950988536,0.946741627030114,1.6561008267251,50.6953902885857
"9HB7IP4W_3.csv",-39.328923032678,1.70240199853301,-89.4010918682668,0.713841598365002,2.66656539261635,-116.769719638056,0.562753475071908,1.88261541553649,-115.677887435957,0.444829681962566,2.81502649679829,-116.582259006027,0.937164740142185,0.537844270421052,2.02563549271581,50.0721688355888
"9HB7IP4W_4.csv",-56.6358699750587,1.8022420987603,-99.1692318532246,0.979328364770644,1.85239587474656,-92.2533266434053,0.552605199761535,1.5090757970886,-75.831801826882,0.410287796204982,2.15814864269812,-93.4616004074083,1.4287201481209,0.702039441909909,1.25755423413741,42.5333618781659
"9HB7IP4W_5.csv",-18.5696110970359,1.99076454144646,-67.8784847084861,0.497868158825165,4.48184898340102,-92.0961182047202,0.501040252143509,2.33284588346808,-93.302215211573,0.414319654510421,3.62808419352359,-96.3069565423232,0.932410568218669,0.48055210700245,2.56776139705342,49.3088736114502
"9HB7IP4W_6.csv",-10.3173083820579,1.15293952807556,-98.6616511183621,0.124031377316832,5.24004381134342,-111.949830425508,0.707669751091386,3.48085998014714,-104.259620027657,0.622576074479728,5.21867680990313,-109.519274908759,191.5673391871,3.05725133675507,1.82020724338012,88.3443427363042
"9HB7IP4W_7.csv",-5.30699606740603,2.11452552282001,-35.0786002804356,0.274890701554389,6.76642044436649,-47.2384815895039,0.473249200545953,2.9251346244024,-75.5014600176602,0.406674795988587,4.53471534524404,-42.8614601877414,151769.220600247,27.8229471759354,1.46462187551171,29.7716042130296
"9HB7IP4W_8.csv",-18.4776935910823,2.09828263515377,-62.0408381958579,0.616781534302568,4.03714654925175,-84.761752214196,0.484444669028276,2.18191033548779,-76.9646217568066,0.393903515521976,3.3994473981028,-83.1546751314641,0.954852048389878,0.470844264190638,2.30578452310334,43.5631446047756
"9HB7IP4W_9.csv",-5.7578472709923,1.84873623287044,-38.5038545342626,0.411925612460313,4.47886389173201,-45.7116940539021,0.539117795423215,2.45919437779906,-32.3894268069411,0.452163101217041,3.84428852441348,-41.7560013982506,19.1309099317102,1.65062785237089,1.40589126456894,32.7460072632703
"9ZDIQQFT.csv",7.50807828949066,1.5358072367603,-2.68403876178924,0.00948313241040931,10.7648111679664,-5.75863841465665,0.651265193804735,6.52484845487783,-16.5732833532584,0.60705620402536,9.87590703102447,23.2906976067385,0.961249506988842,0.646416128297621,6.73715589881781,10.1921170512799
"A7LJPBWL_1.csv",0.434683374188943,1.20968817737372,-64.9229209062826,0.05746246799697,7.06434472432335,-75.510872919064,0.676860547404129,4.24299843195859,-78.8409556444522,0.607306236675309,6.34659208798064,-72.5033456226111,100595.526918261,10.1770513700544,2.12570921356057,65.3576042804715
"ASXFW6GM_1.csv",3.79835126329575,1.92218377915294,-14.8243675256835,0.0471211474308769,14.2245287961733,-11.5035912888941,0.399722341835324,5.27238645716324,-5.74269050699924,0.368337039852035,7.18238207926302,15.9742245101152,1.92918359034669,0.44904899748701,4.07540407451456,18.6227187889792
"ASXFW6GM_2.csv",1.87235869648596,3.74986379231569,-319.712884461925,3.28022913462063e-05,46.2435227858303,-317.285345383016,0.306083265271155,14.131479510151,-85.5102375533724,0.29819898815115,22.3738018576904,NA,NA,NA,NA,321.585243158411
"ASXFW6GM_3.csv",-13.9448767333113,1.94106579432238,-11.999898449931,1.2606159164824,1.27198562363916,-10.3531691876052,0.518334956209884,1.06094742661941,-7.40582314475569,0.333040815171945,1.3814907176502,-7.02393684514559,2.15798698915679,1.00159397257061,0.823803300789088,-1.9449782833803
"ASXFW6GM_4.csv",-1.77758445636227,10.4235456389124,-0.349844083895178,14.4759589079648,-6.73961545787573,-3.36662535056886,0.106017371539047,0.374101650391727,-2.71489362675558,0.0449356065466714,0.685047179074258,10.4755315107043,1.48970692908033,0.316901747750636,0.28580765572265,-1.42774037246709
"BDDUPN58.csv",3.84341894081625,1.81528289666714,2.31359985234655,0.403506168009318,3.80358085572162,9.3491787459504,0.600945508837853,2.5081695538713,15.0388433998848,0.502601642235782,3.84873741694033,Inf,1.79615987034818,0.758611088222078,1.89712500621063,1.5298190884697
"BQIQ3YT9.csv",-10.7477890593563,2.50750734326615,-53.5366812775007,0.726919053431241,4.94139143584714,-36.4226120828188,0.404045994721961,2.13257859972017,-23.6672471767135,0.333520439034831,3.32998665478325,-38.7400964606404,2.55970267503827,0.610592459162395,1.52760210155768,42.7888922181444
"CJGSNI9D_1.csv",6.75929847226134,0.425889111778795,-88.7855047657568,2.12713578343372e-08,22.6905164781191,-93.6604922730712,0.916205947709855,19.6440383024248,-55.2329296709023,0.895529603030328,26.8026684794904,-89.3145000393698,1.02514832959532,0.917359041294865,19.4244213729165,95.5448032380181
"CJGSNI9D_2.csv",-3.03968175928456,1.49025136784024,-45.1441053978552,0.121993651255132,6.83050010879881,-55.3993992289616,0.587693634210682,3.51860208125667,-71.6261498167869,0.514717645402122,5.36811252406292,-58.2186330919504,0.921169378343222,0.568650460874683,3.83320505156857,42.1044236385706
"CJGSNI9D_3.csv",8.80343447300124,1.73855658024798,-66.5801566558018,0.0118707505175753,13.3776637389509,-73.8800816064345,0.525592143425468,6.15952891693214,-87.0418306436038,0.485974754696623,9.47879882961541,-71.1441499863017,352917.589582605,4.17742736415184,3.08212738630038,75.383591128803
"EMZR7I8C.csv",5.69189253106263,2.97322685897175,12.0558294482593,0.0323419117700597,17.7277989631453,11.8965803745606,0.353848420927247,5.91263642622762,7.48757789588355,0.328291304722195,8.34029083802459,Inf,4675.97152693933,1.46215258899212,2.98358111313945,-6.36393691719667
"EQGS7A8E.csv",3.1425372072548,1.04732156194726,-41.2362238979925,0.00841145552655234,8.30462956230759,-39.1800677961542,0.827601695334217,6.67626480772686,-30.1094032837761,0.778334105064384,10.2870369725046,-36.4099987082173,4.38658199330678,1.01625882816726,4.32361175433,44.3787611052473
"EX3PL84S_1.csv",2.19602690744969,1.58594111061253,-3.07974490042094,0.385618958812415,3.76633526002921,-8.53767923573076,0.610558680125936,2.43626781804864,-5.53650670217621,0.506021030139192,3.72073554158388,21.4514842652568,0.989498721918049,0.607159885124272,2.46213591898326,5.27577180787063
"EX3PL84S_3.csv",4.76508376445716,1.21144524502912,-2.53555437479856,0.158862861617818,4.6114017298321,-3.91690579774109,0.720201414307074,3.161767056738,-0.702113751266261,0.621331960416874,4.63836232341311,25.6861746022265,1.16776640682033,0.761041684097475,2.85827707873865,7.30063813925572
"EX3PL84S_4.csv",4.92175357784416,1.1992394475708,-3.67646011238999,0.141621955726762,4.79488154855305,-5.03087348969263,0.724680135482899,3.28323275372838,-1.13907931289343,0.629351952770887,4.82483288103831,24.4240038637343,1.19128506275075,0.768800803355785,2.93807418516072,8.59821369023415
"F99VXZNN.csv",-9.22682026044206,1.83827847377911,-24.2113854739897,0.482312978533056,4.67369840528599,-28.5562949673281,0.503825504128442,2.35101023066509,-32.4869535571299,0.421061396395351,3.76008424925279,-25.0375706470807,0.929855713719661,0.483020742756977,2.61973573249626,14.9845652135476
"FRAQNTF6_1.csv",-8.90149861605127,2.89548118775583,-35.896523767224,0.604197736646343,7.98330306413418,-45.8231180308128,0.325568815343245,2.6120329070355,-51.8528121553291,0.274463263286088,3.93945154024513,-41.7429443602446,125742.97726773,29.0024583541094,1.3081204266875,26.9950251511727
"FRAQNTF6_2.csv",-0.639998777863976,2.28652736647777,-58.2181191176012,0.177875533663448,10.2569651329305,-81.9315355687399,0.391722184830701,3.71840310479655,-61.0339830287621,0.347202830247916,5.61839511684512,-77.9808388491449,7153.82911879295,4.19970962669782,1.87344371779904,57.5781203397372
"FRAQNTF6_3.csv",-0.388935665508442,2.06968914682014,-50.1976921121326,0.127195134647273,9.41568005160879,-67.1261178271932,0.454374885320773,3.86436194068475,-90.8701971038991,0.403846633251521,5.80965721540048,-63.5303288078953,95358.2273263955,8.79155304140695,1.93580664415014,49.8087564466242
"FRAQNTF6_4.csv",-3.70988931481866,2.27984105752535,-67.951850384339,0.169070757262258,9.92403454444454,-78.4494858787861,0.406931404070938,3.75167811433461,-62.66322260471,0.36106285952862,5.52623037046519,-74.8879837263832,682.354093574693,2.24499337077642,1.921948213453,64.2419610695203
"FTYRZ259.csv",-14.3645058878429,0.913201064643051,-63.6354239078269,0.134269490751253,4.26608049813929,-56.4346805100477,0.809035274493121,3.03211431255124,-47.9011370728375,0.701965728867353,3.99660651978932,-57.2581210810984,2.11480906840611,1.01090415120155,2.34542296496121,49.270918019984
"G9FYXDG9_1.csv",3.14713248904906,1.5050250111826,2.81097693244501,0.2040230122531,4.41348501928368,1.15039635408397,0.695249574712424,3.31148734650249,-0.732796085065214,0.612501168344317,5.51693739545837,30.6735017654583,0.922255269829291,0.671746035207773,3.7952015587721,0.33615555660405
"GB5SCAXN.csv",2.08961520451088,2.4290555260709,13.116330056186,0.160731395072843,9.05780406283034,13.087606325707,0.44324037091078,3.97695843297457,10.3958888455731,0.399758121137996,5.5230618833763,Inf,0.970118713601955,0.439902776579167,3.98254550019878,-11.0267148516751
"GF3VR72W_1.csv",6.70300573351197,1.06775964882528,-3.21001822949324,0.0425159109996198,6.27592537928209,0.876803188095668,0.789328085188474,4.63880183112934,4.93443583019473,0.719124280824345,6.78940959831431,28.6961964379027,2.56353534066752,0.952650137347973,3.36097710853731,9.91302396300521
"GHEVMR39_1.csv",5.5605686423172,2.60303769331038,-9.70760855857915,0.255480981854445,8.33219558312959,-10.605010827818,0.405472817553711,3.17122571632305,-5.74876115296446,0.338998952523533,4.70775550700491,Inf,0.966206013242175,0.398958285406519,3.26308810727708,15.2681772008963
"GHEVMR39_2.csv",1.48625860262053,2.50345503789485,3.29844911530097,0.758424570788335,4.35099524550481,-11.7120819330825,0.426084511067026,2.06502545211921,5.32335107208936,0.339013997175629,3.23903834542479,Inf,0.972626590698113,0.418658159074637,2.12922297605221,-1.81219051268044
"GQT9PNFD.csv",-13.7392327212911,1.66343995033813,-12.9576383374471,1.10356783536493,1.23721959695937,-13.3407939873919,0.59020468329516,1.36173648421623,-13.1693038797889,0.425280789288155,1.92711927744624,-8.10405865028709,1.01206658675382,0.596206014226787,1.3494801252174,-0.781594383843998
"GVMR7BGI_1.csv",-25.4626582796042,2.09635495315995,-52.4966606168145,1.017862898843,2.30669050547265,-45.6879709104125,0.492787601922945,1.63026500839894,-35.6726908680707,0.373618229430173,2.48030275175728,-45.2047617355929,1.69167365877672,0.681387453154325,1.26247635992537,27.0340023372103
"GVMR7BGI_2.csv",-29.4361815425319,2.38751887500156,-40.5501599689099,1.52221430872171,1.64305654518233,-41.7952456348827,0.432437659717546,1.45703473937957,-40.9893382493533,0.327449194313067,2.45552337543954,-38.0606135838958,24.0749771908332,3.48466222381857,0.804272721547802,11.113978426378
"JFZMJT8H_1.csv",-10.5048573013018,1.57578833544419,-12.5945445439033,0.856301519238937,1.78144579448643,-14.461511396162,0.609765815554418,1.6095563208887,-15.3412259182317,0.46302512711848,2.35590473281073,-8.65201448374483,0.921895633294107,0.571173242140967,1.75114583672253,2.0896872426015
"JFZMJT8H_2.csv",3.95050271716326,1.49145088402377,-3.45253492885783,0.160533934079248,5.14231800838919,-4.77796657712821,0.665857382495794,3.42826386983472,-5.12028618110369,0.5793502897225,5.26997270261269,4.53310443345029,0.970250958784141,0.657965036123314,3.53943956188703,7.40303764602109
"KJ6FH8V8.csv",-1.66141143321945,2.86457612697014,6.80898412081165,1.23959366510545,3.46822391565933,2.19723274254063,0.374230424064812,1.78250270947106,-0.743247346292168,0.294383594185127,3.03337650958989,Inf,44771.0754209659,150.506604108055,0.893360365428265,-8.4703955540311
"KV2D2BDL.csv",-6.68022701703477,2.18009597320956,-23.4550592802666,0.622033878745151,4.26183195291321,-29.9558925320664,0.468761907059176,2.1498526027544,-27.388843754705,0.378649973795054,3.28703730203397,-24.3411970204335,0.951654736928051,0.454491291555032,2.27553157909899,16.7748322632318
"MAQD6JH8.csv",12.7634831684725,1.51130192429203,Inf,0.213136719422588,4.705499048409,Inf,0.655242064991639,2.81077233573273,Inf,0.550139630468999,3.93320662648992,NA,NA,NA,NA,-Inf
"MFJSTZZX_1.csv",-16.6659859140299,2.19207852189142,-74.8122532837423,0.375126346067111,6.03953092120009,-94.7249273441857,0.458911742537675,2.74213978104475,-110.311257065857,0.387232337913973,4.33070743120459,-91.9998489996505,334656.670547655,47.3320283605082,1.37226404599408,58.1462673697124
"MFJSTZZX_2.csv",6.57959382161648,1.10568623046655,-35.8817617750741,0.00492758778302336,11.4013559317396,-40.3279611786753,0.68394727183688,6.46705022548262,-55.4362650793756,0.637748576199979,9.48843297295293,-36.6694896933157,283976.320276271,4.76714793104757,3.23458872317356,42.4613555966906
"MYHXRCTI.csv",9.4796309035008,1.10424609524411,-3.29128118195585,3.54898316977952e-07,23.753338688349,-3.42999591658588,0.759323304361579,16.8120557469132,-12.5269921700233,0.741829464968183,20.4713031432231,26.4972167533164,0.99050704116563,0.759348428363231,16.6475674084834,12.7709120854567
"N396BWST.csv",-4.98760255032505,1.5430633827926,-14.7872396181654,0.532940441401077,2.94169879740781,-18.3319539666027,0.615237047147436,2.07581511106826,-17.5647075267561,0.495122631079379,3.0768375409544,-11.170097872609,0.970659437866746,0.604155477618391,2.13671944914514,9.79963706784035
"NR4GBB9G.csv",0.282033650798478,1.25004368106174,-15.0596962321716,0.0864817628847707,5.20611268275073,-10.5508841041946,0.785765247767155,4.10831064596627,-7.8279010211055,0.736094523956569,8.84733004251146,-5.51261174599856,2.79562226475765,0.995999347411938,2.80438260602833,15.3417298829701
"NSH3NLMI_1.csv",6.96371041612254,1.32874398595528,3.09997219275548,0.000318519461014216,11.7644673701463,4.39708406712257,0.892706456219818,10.610666783302,10.5271674759539,0.860076850756274,17.6018285211478,Inf,1.46733304320957,0.926823757481562,8.33653472586851,3.86373822336706
"NSH3NLMI_2.csv",6.1681608038896,2.97222437240869,-19.7860546985443,0.000778630513552138,30.1528220316112,-24.1155908740335,0.349732408503128,10.2250439954285,-20.4813991541064,0.335363881970473,15.7309586882808,-9.9751768714894,10655.8756196493,0.862607645459928,5.14250862541966,25.9542155024339
"P9VH9CT9.csv",0.865579051538714,2.72381336583758,-14.0043286337838,0.231674725664312,9.06282710107467,-10.1464039722563,0.402227458584835,3.59904884604642,-4.93248802671504,0.356247248040238,5.38925636173739,1.95687954026761,2.02153533690388,0.485819383681515,2.67387426608921,14.8699076853225
"PAKAKM6M.csv",2.95434301997704,1.18646938443405,-4.89016168825793,0.00504480503918643,8.69376973111682,-4.3821639064051,0.854571109402315,7.72779023034923,-3.58356375358289,0.810388575119733,12.5917822554902,9.42942189090317,6.69460258884824,1.08203060501166,4.60406112490119,7.84450470823497
"Q4QK99VH_1.csv",-10.2622480759812,5.24262431364749,-23.0888200088581,2.07961751146571,8.14891807964406,-15.732204536727,0.189679853750318,1.81040343344765,-10.1917033753032,0.149396368783532,2.60684478545733,-11.3855108300127,2.27200133371457,0.290896094386019,1.32531354373803,12.8265719328769
"Q4QK99VH_2.csv",-18.1017057041363,2.2909073491818,-14.7558776516215,2.02393229390627,0.564816799779658,-16.3485613703511,0.417112899908266,1.24202782972724,-19.805494797913,0.297688708921498,2.037264574195,-13.1486079865618,0.898548423711222,0.357767743208476,1.64309170881812,-3.3458280525148
"Q4QK99VH_3.csv",4.82690076636178,2.25145722888042,16.1077143308241,0.201618040330096,8.36781317816097,14.3315299977881,0.44301089919359,3.80607121486521,10.4803403390294,0.396916769069404,6.12810210891094,Inf,36680.1706205348,6.97607145431892,1.9074862969373,-11.2808135644623
"Q4QK99VH_4.csv",-9.51619901543998,1.73709502929592,-14.2927607770173,0.768053591423611,2.09273034199642,-10.8794071824788,0.596967034851912,1.55737566414319,-7.07108966953515,0.436218277202125,2.1280520913905,-5.22907839866317,2.04783847510221,0.923545958407978,1.1970483234282,4.77656176157732
"Q4QK99VH_5.csv",-12.4529439786404,1.81634038333578,-8.10117842527101,1.55577964108633,0.443085905560448,-7.76877139772674,0.552114759282834,1.0556530770897,-6.47271612933208,0.359068161013829,1.5320597588761,-1.03731117569719,1.75506917489627,0.929504816916346,0.823282627236096,-4.35176555336939
"Q6DYUJIS_1.csv",7.31271095452595,1.2977170372764,-2.63070465025718,0.000194884746035903,18.2684518022465,-2.53843408458932,0.62396634929211,10.752446487794,-3.14390169030472,0.590592816009757,12.9764366261422,11.3758212508358,11.3372687574332,0.765370612178536,6.60242626522639,9.94341560478313
"Q6DYUJIS_2.csv",2.7466626540924,1.31228749091796,-0.931137317349162,0.26099662944319,4.10114249829505,-2.87661861769641,0.666244707735665,2.8194118857688,-4.54912718802513,0.565352340847491,4.5273941880644,6.03920186141397,0.910845055879994,0.632468814647273,3.22906509462727,3.67779997144156
"QAU56BW5_1.csv",-1.02906383529399,1.43493201720706,-4.15854267537646,0.455489177641687,3.07483114059451,-5.75729164999862,0.643573254863802,2.20592010352141,-6.43300057974078,0.525853264080514,3.3732866793963,1.25447560472584,0.915289812749422,0.608532922347456,2.45827400856509,3.12947884008247
"QAU56BW5_2.csv",5.09372490231615,2.06936340418227,-8.7333679435025,0.0638304870172178,12.4029864727486,-9.25986111955562,0.421063365132704,4.89719756194873,-7.44021795815424,0.383119812078078,7.01346134543721,-0.00629456927898708,1.10549366963168,0.431051605351313,4.56280976645099,13.8270928458187
"QAU56BW5_3.csv",1.10828585601588,1.74404554501172,-14.3587196949644,0.101381205490004,8.56632943494028,-14.1196701025442,0.516884163767206,3.79119347075104,-13.7164759594387,0.461161850265306,4.9007092567116,-8.41327783629837,1.48609427198559,0.568353325194945,3.27524617600832,15.4670055509803
"QAU56BW5_4.csv",5.13837613952709,1.83868235968004,-0.484996255071472,0.0758222530446026,9.48463358403155,-0.731379579374181,0.501105459671734,4.25205336151499,-1.21254296491337,0.443769159618701,5.67554539922128,13.2506876797168,1.09397820661833,0.513646159906545,4.04654875577406,5.62337239459856
"QAU56BW5_5.csv",6.69777221126251,0.760611108374194,-3.74109993743433,0.022975155286412,6.45775400494566,-2.89784019622897,0.863312001979706,5.00196885852168,-0.749156078358954,0.783431795006333,6.70913982765553,10.3633987616673,1.64385768953276,0.951056569513191,4.11797150822585,10.4388721486968
"QAU56BW5_7.csv",6.4852532981542,1.11472886443822,0.988886566966578,0.0112754119619545,9.2567817534968,-0.242674631519378,0.752185554676984,4.53280655449367,-2.60324275500509,0.679286360276225,7.11854623644521,12.4968278957797,0.907544097702951,0.723089339851871,5.47144531835333,5.49636673118762
"QMBA8BLX_1.csv",-48.6250390279092,3.56428069962899,-45.473873657057,3.46892114565729,0.134765901179093,-46.127830105743,0.28331839273237,1.0563156906233,-47.800315157003,0.191941270801787,1.77193587476852,-43.202438746774,0.940259743066415,0.262656661723762,1.16678694961853,-3.1511653708522
"QMBA8BLX_2.csv",-9.14955068040446,2.33744607315468,-36.8567347664704,0.737927071415255,3.88633020828695,-24.6245846015305,0.457110031233476,2.00796149980175,-15.3694493531406,0.369997023264525,3.14656661169406,-23.2927722456114,2.3202477976166,0.682004387966509,1.45346148822315,27.7071840860659
"R75QSQFF_1.csv",-12.056213524156,4.797406721951,-29.0082657600317,1.45145698964592,7.53763752582558,-21.9297121992981,0.232345099820032,1.97901436156865,-15.2191324068743,0.181285934639721,2.97534466430017,-17.265283765682,1.81524135603647,0.312735643329225,1.5293208594067,16.9520522358757
"R75QSQFF_2.csv",-15.7095386847554,2.75486811818828,-19.2504344685504,1.71245880045198,1.96742226197095,-25.3417218226906,0.376109477514522,1.50457618602421,-32.3947329856106,0.281270979630527,2.43467940285952,-20.697497420082,0.928640819004529,0.350722152214725,1.69313814533833,3.540895783795
"R75QSQFF_3.csv",-9.25202532918716,3.03727052532164,-5.44509658195782,1.88414844731094,2.33363591645179,-5.0509013249273,0.338532784961734,1.36266326693471,-2.52114274429312,0.247767231113929,2.12495820057155,8.50645584175546,2.53397615280722,0.645151688009381,0.962203115092589,-3.80692874722934
"R75QSQFF_4.csv",-16.3577881750711,3.23042058882283,-17.3059268339437,2.1918273881499,1.64561714383542,-14.0672389191382,0.327038749943013,1.25907594568473,-7.93646198532213,0.229728922234317,1.97834055409589,-6.85456327146153,1.78362480148803,0.51914434992513,0.947930116169965,0.948138658872601
"R75QSQFF_5.csv",-5.59242944660884,2.14863673517327,-21.0256309948282,0.776351308605383,3.27979389803623,-21.655348215649,0.484726398120566,1.93780645729104,-13.648592680603,0.383028504130405,2.96223198540948,-13.463922838115,1.22149165280522,0.543145610213196,1.69737606852834,15.4332015482194
"R75QSQFF_6.csv",-13.4337983117865,3.14466610463007,-11.6136172185915,2.11546042818009,1.7634308694352,-11.1891025527379,0.334353790845685,1.33458968153902,-8.17252103017064,0.242813800685664,2.12427251361091,-2.35164812963017,2.41366385194023,0.633578134983379,0.936359196349687,-1.820181093195
"R75QSQFF_7.csv",-12.3027036521541,2.4392880550939,-18.2209084290141,1.29461145735362,2.3854436868092,-24.4541414401672,0.422691555848703,1.65340833612326,-28.6492677276354,0.326443925831268,2.68934087877343,-19.5617092691321,0.926003235995889,0.395720227978271,1.87172433923886,5.91820477686
"R75QSQFF_8.csv",-0.90448268739082,2.0216344337345,-21.1217141325164,0.231289958899109,5.97449972179734,-20.4066525074276,0.543437061813671,3.30713803527337,-18.4751379612296,0.477824044966015,5.34410350560888,-11.9065028046039,11.8444087324458,1.10317314040339,1.90677027951407,20.2172314451256
"RLF5AW7V_1.csv",3.86198659037214,1.48144851170816,10.2487652073121,0.414336673248785,3.14747421625563,14.2684295385984,0.661923050055445,2.20408054450166,17.9109350348712,0.539831977831614,3.15263164700538,Inf,1.92701089463171,0.881880544350384,1.68439506346332,-6.38677861693996
"RLF5AW7V_2.csv",6.41648979292972,1.6549517727156,-26.6787627498653,0.00464723525066133,14.1235483773102,-30.4363716785693,0.56503886991302,7.2591557047898,-38.664977652964,0.528184876100781,9.59898730416044,-23.1828025307985,44886.4798449519,2.46085735056764,3.64222738658469,33.095252542795
"RLF5AW7V_3.csv",2.89215802514386,1.64344870751403,10.5156448861147,0.515958612208279,2.93739269627804,15.5459260575744,0.624700291753421,2.0091560829706,19.2418461174606,0.497036757180759,2.81542354580813,Inf,2.12674657200818,0.892586329769784,1.50648948709543,-7.62348686097084
"RLF5AW7V_4.csv",0.0982396752964512,1.87682316470507,-8.90771343017972,0.529256959115571,3.73705299574715,-13.9270212064708,0.544632217904393,2.25186020237333,-5.01329881662821,0.456763584531164,3.74874560357405,14.9958100278043,17.7641669662439,1.79649676011298,1.28855154480118,9.00595310547617
"RLF5AW7V_5.csv",-0.571250345912585,2.04263239460796,-10.2176517684182,0.605736516839384,3.75485439562359,-8.12787838074402,0.50688545009062,2.08917495892627,-1.89889601036587,0.40856584122402,3.16291132196408,20.3383704759921,1.73078654354794,0.657415338101247,1.63059905096462,9.64640142250562
"RLF5AW7V_6.csv",0.0669483175257861,2.34836895091792,-14.6338661366962,0.379215733655648,6.31879396009114,-18.7192233624707,0.439932868938859,2.70353204790158,-16.8545734901946,0.370474106281344,4.11019387907147,-5.03033095219328,0.952001555261661,0.4293832622333,2.83120958700127,14.700814454222
"RYTIMRAA.csv",8.27928647274942,1.0323055045501,-3.94446648739883,0.00459087532804106,9.04526795020603,-6.57834290113351,0.834647568840971,7.27098915287043,-6.88210499804741,0.783167031416346,11.0777336889458,23.0690079344205,0.951599636970596,0.82672838396078,7.69890365034863,12.2237529601482
"S7N2SUHC.csv",-0.491981242814187,1.69837008190512,-16.1087576151619,0.388294303179018,3.92868352288101,-14.5302654926424,0.59802039698251,2.48904428514582,-7.99084684959011,0.502805115355085,3.83615031392744,-2.29172657152142,3.09872469546377,0.91705591851963,1.6985833293514,15.6167763723477
"SLELFBN3_1.csv",-49.4994015547335,5.47278693979205,-91.3309829420683,2.39701228238376,6.08431867240868,-74.8679143335605,0.199985116430437,1.6419242206195,-55.9081514389127,0.155274191175977,2.68411415072931,-79.5106336250282,2.19522929887828,0.317303947202048,1.19746032186675,41.8315813873348
"SLELFBN3_10.csv",-0.416992759585134,1.34755145346038,-66.485821279201,0.0914702579365004,6.4137352361232,-64.8456948271448,0.65564136777361,3.8812777158485,-49.6534054884088,0.582497488768805,5.76963187167525,-64.1891330947508,1.52909438362215,0.731740406380669,3.16418532309271,66.0688285196159
"SLELFBN3_11.csv",-0.172697909637652,2.35681740508325,-68.3913618816405,0.0171028170360643,16.958822568446,-75.7013280755398,0.406699251349332,6.06073020661655,-100.996241311601,0.377376125778357,8.6655852308509,-72.5718246826201,160468.596279198,2.93346121513865,3.0341473792122,68.2186639720029
"SLELFBN3_12.csv",-11.3849657461132,1.12161228641904,-80.8435822892179,0.152687694288944,4.58385376729665,-60.5058081928944,0.737417883623676,3.17334807326088,-47.2126715843819,0.642870063008456,4.50829838638904,-65.0545204027371,2.71732493029644,0.986374063760782,2.26645086642556,69.4586165431047
"SLELFBN3_13.csv",-16.2832327869607,1.7810929930275,-74.6296335281812,0.420341577908541,4.19291533341517,-72.9049270440737,0.555866964791758,2.4640414037185,-60.5212971544661,0.465543546184674,3.86172361767658,-73.064901459952,6.95824508882887,1.15661484471862,1.51241771978639,58.3464007412205
"SLELFBN3_14.csv",-4.37512506269227,1.36078472572211,-57.8414172981876,0.155600445439339,5.46177640396798,-74.4467088138081,0.644299475692695,3.3170474659388,-79.7042696343971,0.56013247684721,5.02387208158945,-73.2981280042424,0.938171267178054,0.626998699197426,3.57723086592838,53.4662922354953
"SLELFBN3_15.csv",-22.5865366606401,1.50519987988584,-81.9065518521512,0.469547661334634,3.20644091204357,-88.3774809889052,0.622798111943228,2.16324317737096,-68.7212635400132,0.507761419290548,3.16365378426578,-87.6353574834944,1.23930633444506,0.692068045620907,1.89572034125041,59.3200151915111
"SLELFBN3_16.csv",-29.8790559145588,1.96884452766627,-65.9913908773865,0.796931427740084,2.80234812881763,-52.9013476795501,0.520634035000064,1.78730841605369,-40.3107551766526,0.41064022240393,2.70710520953693,-55.8947055290326,2.55224040378664,0.854698436876539,1.26765261513835,36.1123349628277
"SLELFBN3_17.csv",0.408956870713127,1.57091830403417,-57.5237911292577,0.111247372408522,6.7969087989519,-47.6451212108539,0.600106349359219,3.72484005764813,-33.0722581570032,0.533360933580883,5.65621596247729,-49.7782747189431,2.88012085231492,0.779136823552433,2.6397593065578,57.9327479999708
"SLELFBN3_18.csv",-15.1172575747124,3.4172205850435,-65.3814644391184,0.284089252199186,12.6562145250697,-80.3911488466698,0.299304532054296,3.31336427107435,-115.136417939675,0.260691669262456,4.98885159471227,-77.2518321685618,259486.916334661,12.8582003824692,1.65813261694335,50.264206864406
"SLELFBN3_19.csv",0.33497713506745,1.46337202291319,-51.9755339033255,0.147205657085026,5.67569326201114,-33.8549649021255,0.637901369091158,3.39610350653774,-21.8783900554632,0.560929665140447,5.18630969819377,-35.2692494003376,2.84362139410773,0.849424494176816,2.38928192029497,52.3105110383929
"SLELFBN3_2.csv",-1.82727135668223,1.78246439882783,-30.4379367977702,0.222102505280888,5.98153198566392,-35.4245449653104,0.54884495567829,3.08354711928655,-34.3986707407243,0.476764124304937,4.9025674329318,-30.2662476434835,239.316373379679,3.08899953289257,1.60376855379879,28.610665441088
"SLELFBN3_20.csv",2.65666983542446,1.58067662810001,-27.8433867856655,0.0509876446975887,9.12927532207381,-34.57874669211,0.56900149310164,4.36385468425857,-55.1908860769058,0.512830695469425,6.43900483134224,-29.8366872864246,238131.025266237,9.68598510332029,2.18452482563862,30.50005662109
"SLELFBN3_21.csv",-2.06977625502169,1.85293273317265,-28.2188370368442,0.194717334567241,6.70979564636729,-31.6269125756994,0.526584138930507,3.20381579454315,-33.6799302325038,0.460426184384493,5.10117821288739,-26.9113173184254,6770.16879979874,8.11616089316081,1.61471040079296,26.1490607818225
"SLELFBN3_22.csv",-25.8932286959956,4.10532881568267,-82.4512564479842,0.870639002108321,8.68749701073638,-74.9663170646264,0.267034482303343,2.396224995532,-59.168845511883,0.220381979641591,3.68797194524328,-76.0849665228538,1.7095506672198,0.333644465262226,1.87595704753092,56.5580277519886
"SLELFBN3_23.csv",-25.5086985213338,3.55137649151141,-80.1539476663353,0.721708467477097,8.3411441798294,-98.0488744619655,0.296494087859783,2.46762819636158,-99.3172072545654,0.247836584510356,3.84675695393739,-94.9010445818196,40659.1248166155,21.636449063022,1.23759163062209,54.6452491450015
"SLELFBN3_24.csv",-28.7328022532934,4.51286095134102,-80.6779566453841,0.763457927105572,11.2560760778307,-71.3436529984474,0.240751786127923,2.58793507081244,-61.154304589754,0.204909942769203,4.0634556399585,-72.5451947938686,3.20715350780143,0.363986934969432,1.78939733225253,51.9451543920907
"SLELFBN3_25.csv",-10.2197536367267,2.94847770956299,-76.4521599432583,0.240618208364085,10.2212684156034,-70.3604614663446,0.362560315277226,3.44220232808742,-56.7420767399487,0.317217759876644,5.15840260966132,-71.1312296500696,1.91107055022995,0.434552826158165,2.64824976419023,66.2324063065316
"SLELFBN3_26.csv",-7.48599328311556,2.93028889354695,-93.2301382733378,0.0912199881814942,14.0723103437982,-85.6877788981792,0.356532503554702,4.52152149313608,-74.8776921809194,0.324540029962687,6.96768788225342,-87.2597572239527,4.73723920764388,0.485444412366168,2.9933090906739,85.7441449902222
"SLELFBN3_27.csv",-22.5768279051803,3.54504592801734,-109.782885262766,0.611068588231705,8.65142139295806,-87.4679254882285,0.307040557593543,2.61270287507002,-65.0780183034151,0.260338256547429,4.13063310450338,-94.8790742618384,2.54798230988687,0.429878818605326,1.86974146365303,87.2060573575857
"SLELFBN3_28.csv",-6.40995797620959,1.64062150719809,-39.861715820829,0.368093774110256,4.08869438558244,-35.6336881169643,0.593805586427319,2.49689670250975,-27.1665659950708,0.498105721113581,3.83084732068666,-33.7853189214143,3.07430993182022,0.905869016687328,1.71353901540303,33.4517578446194
"SLELFBN3_29.csv",-25.1093185187972,2.83682538055029,-68.4200236524114,0.607263508563726,6.55781132582057,-62.7872804952156,0.369902054829097,2.34054024256072,-57.9510205158509,0.308816376894918,3.60655005076435,-62.4405056869991,4.34568598518616,0.653780070615211,1.55198243993281,43.3107051336142
"SLELFBN3_3.csv",-2.57297855380317,1.66321832577837,-26.1508108204969,0.236564876191341,5.12797490912125,-19.2865599633012,0.598842886953492,3.05747252348088,-14.5442583756589,0.524175013335302,4.90803658700816,-16.657125614459,3.33315698541856,0.867178010559105,2.05088157118346,23.5778322666937
"SLELFBN3_30.csv",-17.3653713833567,3.00640564112939,-35.8089060804324,0.502055082532827,8.38639802475533,-34.4422559822953,0.341733059002305,2.48134059491919,-35.1833603380798,0.291011451729254,3.80869490334317,-31.6395742771551,5.84435515329495,0.640634204801317,1.61784784255069,18.4435346970757
"SLELFBN3_4.csv",-15.5576101957876,1.5392901792872,-90.7025947454937,0.343866671349858,4.04910392060718,-90.220741738304,0.612799017293116,2.5297972329626,-65.4866904788974,0.514900609786778,3.80706562703975,-94.0641451443166,3.57658315026694,0.978536253806459,1.70272707796027,75.1449845497061
"SLELFBN3_5.csv",-11.7778005281192,1.53004156600876,-86.0436033395424,0.271601572715187,4.53741932500115,-70.4154041948939,0.618477603787215,2.74830158082017,-51.3499541881346,0.52642808462078,4.08970924221424,-75.7647761661776,2.24531968641229,0.818134841680962,2.01990834047767,74.2658028114232
"SLELFBN3_6.csv",-17.1835070691136,4.9263428717419,-86.8588859109038,0.145772526798147,23.7710922457022,-89.4580546807298,0.212752249479353,4.78412973999133,-95.1660264335484,0.194086016827614,7.51356429444982,-86.7056263170012,81.3912411331348,0.514178618173357,2.55215166634407,69.6753788417902
"SLELFBN3_7.csv",-28.1738794501412,6.02501561114568,-138.10184301439,0.570412010923635,19.5903786637345,-110.152649651757,0.179192449012561,3.30449610342664,-87.5610437055106,0.157258027436046,5.17189238832585,-119.557428032731,3.66836787385612,0.257571892184855,2.22552226105092,109.927963564249
"SLELFBN3_8.csv",-12.4439849539869,1.92440874393863,-20.1506760033721,0.91116742699145,2.26967870391994,-15.409633454107,0.532883216106947,1.60604608234879,-10.2281872475386,0.411769142798204,2.41591827222259,-11.8652803981271,2.47389174982607,0.906003627628268,1.15170655711221,7.7066910493852
"SLELFBN3_9.csv",-2.79618455589203,1.65960487923166,-36.0953171903737,0.208723462928356,5.69919730517277,-41.0313423810012,0.576285308413133,3.18508010627549,-41.992699541138,0.501789641109532,5.11848852277824,-37.0091273312671,790.08053791761,4.53311167985867,1.62630232227596,33.2991326344817
"SRBH82HZ.csv",3.86011904918033,0.862931565328015,-50.2468228443752,0.019262250435194,7.6306748280129,-57.7126787671861,0.778456993466152,5.37646325964741,-61.7743668071493,0.712224976565704,7.82745720742198,-55.7905604884709,0.92651800398727,0.762613037512009,5.84621179323648,54.1069418935555
"SV6FPWF7.csv",-0.997912058769428,4.29065564234864,-1.79690463788259,0.685794661435156,9.61739034167821,-3.05064332865857,0.279051698115645,3.2466756318684,-5.55103038894017,0.251989018992223,6.46962699981963,26.9605820746455,11538.0072853067,4.93833251699188,1.62940128855292,0.798992579113162
"T2BN4DYY_1.csv",-0.570942369110333,2.51471063962592,-25.5252733888398,0.35795949607527,7.76613590874198,-18.3949496502795,0.394540800091321,3.04267439369008,-11.0237873224913,0.341963296302814,4.54219509692293,-12.3864742334461,2.31996065471829,0.513400007001043,2.20329369093269,24.9543310197295
"T2BN4DYY_2.csv",3.08581855526008,2.72052280531959,-24.3971766142506,0.102661257835954,12.8918232929856,-21.0346423024368,0.372606613271345,4.44219380444215,-15.1489777333356,0.338354307867955,6.86642316908482,-13.9082128722626,3.88080544576675,0.491864570642392,2.99506447949703,27.4829951695107
"T2BN4DYY_3.csv",-1.64005863116451,3.36712786933593,-26.652327386558,0.327566832284741,10.6511003644719,-24.074604440311,0.325171829885656,3.34983338096361,-17.337254356967,0.285193223859495,5.06748474710544,-16.4511388619023,2.76704446047087,0.432168818322615,2.34879296457328,25.0122687553935
"T7YQ8YYD.csv",-2.91265073929452,17.0782890775121,-1.73317645944629,26.8918848795401,-12.5380492934998,-16.4964017157523,0.0671797248597143,0.408742284833419,-12.6435622259628,0.0266319217242938,0.691361309982495,-2.91172766905735,1.2385011865699,0.117580104924884,0.343961811972892,-1.17947427984823
"UVZ84E86_1.csv",-10.1396504556376,2.10962700818968,-10.3053611625484,1.10968735023147,1.95545161252478,-7.20402724719528,0.492263410240989,1.30464053367456,-3.46387521894041,0.358463395984647,1.91291768134056,-3.78266688914996,2.38698849503282,0.915315266820727,0.959935450560171,0.165710706910799
"UVZ84E86_2.csv",-11.3515151032486,1.85454363093921,-10.4183975456352,1.13678646577129,1.48067866333766,-7.68610074660778,0.543503258744143,1.24311834359865,-4.18723900567163,0.381840419550756,1.69722753761936,-2.14419356491031,2.15815776184973,0.963921258902299,0.939764982639038,-0.9331175576134
"UVZ84E86_3.csv",-11.4999005194844,2.33988531793627,-9.01007106736219,3.34269918105474,-1.35398054374258,-12.5612898480693,0.403446181233807,0.666440396400172,-10.1125487762131,0.214324531320764,0.960248529231822,-6.23842204361227,1.86986705915249,0.991245777617072,0.507536100007335,-2.48982945212221
"UZJU7AZ3.csv",-0.667347866858506,2.00241161265206,-26.4735630100871,0.543934137668999,3.66831225200035,-15.3656304520515,0.54383910520623,2.29558202090104,-3.77893327825939,0.449743260064076,3.59811970358816,8.2817394035729,1.85428076427145,0.710630337448686,1.71295418844281,25.8062151432286
"VIHXEEAD_1.csv",7.58109691049133,1.1520117712036,-14.7012160327117,0.00487503871827181,13.0057513450525,-15.181067923031,0.608859448812535,6.59020675826206,-18.282145734324,0.56574763475133,9.1504786259749,-5.86843390288396,395.24008129713,1.46424644508329,3.43398639989962,22.282312943203
"VIHXEEAD_2.csv",10.34525235762,1.45427489383739,-18.1527751970538,8.99679509912081e-05,21.913201879703,-17.0315245959189,0.561864942728646,11.9485312678047,-16.2886400384469,0.526078357362746,18.3961758711568,-4.27183518219813,7.43138992665395,0.657837553868108,7.52270486422773,28.4980275546738
"VIHXEEAD_3.csv",1.47788407984491,2.20400662352433,-17.855248486011,0.103314678313131,12.8156215534387,-19.2194378655487,0.373076624769027,4.30553010251431,-23.3107013741976,0.336049498908865,5.72611730656166,-12.1106967673453,0.9874162007486,0.371950289619589,4.3262276671127,19.3331325658559
"VIHXEEAD_4.csv",7.94024113016794,0.723703223844722,-10.6623735249555,0.0106690565282633,7.93398559133199,-6.60849897592536,0.824848266118166,6.24048059108139,-0.0929975823823206,0.762084952528978,9.1019203777552,20.1724385586785,2.1563975482254,0.930276709555987,4.64220812088844,18.6026146551234
"VIHXEEAD_5.csv",9.52788688712553,1.80792447790562,-2.02953394817091,0.00274882990146309,17.6979165969763,-3.48110648745464,0.491788530466115,8.19231788545779,-6.73021423757852,0.458010178661866,12.1313837464625,26.5331687763024,153868.837018625,2.10940251185078,4.10288874306763,11.5574208352964
"VIHXEEAD_6.csv",4.39960667080017,2.53128214241691,-13.279790097326,0.0218661987709161,23.0978919806099,-15.8860778759642,0.29949482772468,6.42735855858431,-20.4210749869422,0.278536122729908,9.29128504642104,-6.53499311884289,131856.712132711,1.87078290175753,3.21879797480623,17.6793967681262
"VIHXEEAD_7.csv",6.38535233851272,1.9955185341572,-39.259667721853,0.0305033825421281,12.7061366478523,-26.41222814179,0.471832312045533,5.56547264060744,-13.3959278918641,0.439714639662561,8.88988378914923,-23.4839002949422,3.46122802910374,0.578593593410025,3.82203092894153,45.6450200603657
"VJNPUQFA.csv",2.80595045861738,1.83888163215595,-25.4144164218322,0.0841962918657346,9.70695036816306,-28.6123348740516,0.488482252077134,4.10865717770302,-30.7533565396003,0.438757132096151,6.27856345076036,-23.367232154509,15677.9577260747,5.07147805496526,2.06589852575603,28.2203668804496
"X77QPVLL.csv",-6.17792788596197,1.9543560237311,-33.8152085105804,0.470551672179699,4.41981166205294,-53.6118934557811,0.514619034774471,2.37811457722028,-41.3203132702147,0.425547114456297,3.67862847490386,-49.6978059798616,0.961991184237691,0.503628056409912,2.48525152333533,27.6372806246184
"XBMKV3IW.csv",2.26327977925775,1.53606780263334,-15.8126585343142,0.152273408202395,5.36637584106223,-20.1352252894184,0.657439935940647,3.51266529943158,-18.5427046104412,0.577790213317947,5.46500459512288,-10.9041020563336,0.970856576316309,0.650187463310497,3.63045344900704,18.0759383135719
"XRRJ7I7Z_1.csv",-3.85398272011443,0.924907752389168,-47.8875049990621,0.0850201728792875,5.04901012229592,-34.9800891539711,0.803561506967094,3.71963442310044,-26.8140914049067,0.716031935559239,5.17311165898145,-36.1587945579618,2.82255226689585,1.03596290765156,2.66046637176584,44.0335222789477
"XRRJ7I7Z_2.csv",3.71237746517533,1.0192041252317,-18.6506221782823,0.0664897715330096,6.94839028868074,-24.2261137611929,0.67314644153726,3.96486382245752,-16.5268956332151,0.602592482040448,5.47537524642939,-10.2456578732863,0.989381528550312,0.671215975735711,3.99242392885951,22.3629996434576
"XTJW7BAXA_1.csv",-16.8709587477138,1.99464184974835,-60.7678438393035,0.665393659624852,3.45611820383182,-58.4358025292553,0.511434034188489,2.04892968239774,-43.0276900893404,0.414415253646151,3.19767397821894,-59.6628568507062,4.75381467174556,1.03845310771978,1.31415952328055,43.8968850915897
"XTJW7BAXA_2.csv",-8.39109943487644,1.99187003031483,-45.5393625591327,0.315143253754299,5.85486950204489,-53.4530379617941,0.50121228556819,2.7394499113944,-54.1156492996287,0.427831453092868,4.28401093304774,-49.6368536221737,5475.05777274445,11.3578561951032,1.38146977610526,37.1482631242563
"XTJW7BAXA_3.csv",-16.6654363896751,1.64939040470946,-29.6278816965502,0.738775799187641,2.38616389345873,-36.0797149283219,0.581797426956057,1.83748230460575,-40.2265355673853,0.456289909676976,2.7721773429577,-33.4888679249192,0.90929463062373,0.541207452371798,2.07124207774365,12.9624453068751
"XTJW7BAXA_4.csv",-12.6961825002544,2.07022616632539,-38.7852882188388,0.576275321422697,4.42912659640412,-46.1495993906015,0.478857942114197,2.15710365163934,-42.4040359660812,0.391500731899663,3.33853952050562,-43.0087688469884,0.943359710165947,0.462024269249527,2.32554048721347,26.0891057185844
"XTJW7BAXA_5.csv",-13.0856392796852,1.97241512965462,-37.0576848162681,0.646128653923853,3.55539064098614,-48.1455790547533,0.507938336342771,2.11794691918545,-51.928266654705,0.410106125699666,3.31650744459934,-45.6384790295333,0.938985376773816,0.487174650600032,2.29856077513718,23.9720455365829
"XTJW7BAXA_6.csv",-12.8432350501982,1.96484159328229,-37.1743355475329,0.636856925968728,3.59278915128906,-49.0433556259499,0.508216910437855,2.12727348404352,-53.5488196258839,0.410312696391897,3.32373893759322,-46.7731542665504,0.93741106373333,0.486817503978142,2.31447574888957,24.3311004973347
"XTJW7BAXA_7.csv",-4.73599632825394,1.99408999524532,-28.8249486582075,0.267393639616758,6.53280772050911,-37.2280732527335,0.490175681284404,2.91275206221097,-52.8954250593842,0.419608307894868,4.57665055736802,-36.6259218727078,0.936740644076503,0.475409878636243,3.13139491149363,24.0889523299536
"XTJW7BAXA_8.csv",-6.01221849556948,1.44927653985373,-60.830151028715,0.216783317380448,4.80075794692703,-47.0390102594997,0.641748063054836,2.96827715810305,-34.8750702465984,0.553743531922088,4.46396779768722,-49.286513839284,2.85962262180359,0.893288458550194,2.07742158506076,54.8179325331455
"XTJW7BAXB_1.csv",-29.1429429236401,2.87388195145143,-149.575711976414,0.290166347194034,7.10980972355635,-186.612082002326,0.450333467568329,3.39255373667988,-124.061017172402,0.400586048878468,5.74759520249738,-183.096956643555,1188.9879247778,3.55378996331688,1.72098148709109,120.432769052774
"XTJW7BAXB_2.csv",-2.8607254042482,2.04457367172043,-99.7452714161706,0.0620361247682791,9.11694380697335,-118.607828903121,0.543338315329409,4.65735458442315,-113.869086754921,0.492675085380722,7.10207343883722,-118.749131611918,0.962790980663315,0.537702817287488,4.83426109168984,96.8845460119224
"XTJW7BAXB_3.csv",-10.9887404465711,1.76574951846675,-117.552803122802,0.180964449860726,5.76101451319362,-146.243845914335,0.597026080456271,3.39479809534559,-101.643100909807,0.524530473230833,5.28531267276216,-143.326595218218,2085.95692741745,5.55129501711041,1.71896870989252,106.564062676231
"XTJW7BAXB_4.csv",-11.8484935774661,2.25997790399427,-151.861022735421,0.132197655727562,7.74747100860407,-150.325993606311,0.52165351980998,3.95677729814617,-96.5513356392451,0.467141434957297,6.20545052631999,-158.19103397777,3.35316029681996,0.695437657521864,2.65472932209225,140.012529157955
"XTJW7BAXB_5.csv",-1.1208004379518,2.00380277870945,-131.304793553667,0.0420342191493585,9.83065777081737,-125.113747066052,0.551413259863622,5.04980665122764,-93.1316678313761,0.504682267775451,7.55820364260375,-128.957044364956,2.90442744537284,0.669895113191015,3.55946706201772,130.183993115715
"YBV4EBWM_3.csv",-7.24448460746433,3.59990108181522,-4.86774734448936,1.5008058002808,5.48426985849611,-7.55664883762358,0.271792675043698,1.94261166106582,-13.5528452905415,0.216261739014333,2.90861001701301,5.42959960234284,0.949080821813688,0.264204115079186,1.96564390021502,-2.37673726297497
"YBV4EBWM_4.csv",-22.708280751361,6.15370513928687,-12.7330841351259,6.08346533690106,0.0971645654674295,-13.0933460896527,0.164491305034336,1.05003587123712,-19.2077061975672,0.123705939012417,2.07860833247113,16.9072793851385,13813866.4052155,1036828.08879264,0.525068483600951,-9.9751966162351
"YBV4EBWM_5.csv",-18.2323694612946,2.86079761348673,-14.0260892576494,2.40167939021532,0.744093243471888,-12.8237126344077,0.355103598684635,1.12203885623999,-8.09271437778341,0.243140030325003,1.75463120097471,0.0770079156136312,1.54268553815253,0.526881009289597,0.880404811321217,-4.2062802036452
"YBV4EBWM_6.csv",-19.761285996399,4.12540761307594,-19.8809463667984,3.20188762491416,1.40013196297338,-16.6218168988237,0.252043442156482,1.18519495462443,-9.24680273454704,0.177412817415442,1.97345178987806,-5.20884205131686,1.65214514574558,0.388774056406727,0.898278299937637,0.119660370399401
"YBV4EBWM_8.csv",-4.89053507540487,1.6220798220244,-5.0410661471246,0.707542907044684,2.22564841588898,-2.27319817351681,0.616236348778479,1.57082020194497,0.324877486441487,0.46219220230102,2.10058128322006,5.88396175984259,2.10597966088618,0.955093625043967,1.20423622170934,0.150531071719731
"YLS4M9LW_1.csv",-12.6935943662089,2.220929791941,-24.4878127741668,0.837846294670674,3.2681784250127,-23.4063976235007,0.475615595076756,1.90096397290791,-19.6655472186856,0.395818616810502,3.39580521168916,-19.4855227599691,4.06883786388933,0.94614426835718,1.23978420065968,11.7942184079579
"YLS4M9LW_2.csv",1.47486504992194,1.33778866263336,-27.0043509570136,0.0785935381821571,6.37843272768627,-22.5722556317884,0.685455554675612,4.11147296527517,-18.6581203212243,0.621336507966069,6.69163643925896,-19.5172581363416,4.1267141219646,0.941264699377777,2.71250850490346,28.4792160069355
"YW5RIC2A_1.csv",9.46183604680562,1.01109746970849,6.29012391374502,0.0181203115143832,7.26486508997954,5.97524491823852,0.809492125241593,5.7747815810665,5.31377490606387,0.722079922652797,10.5442185754449,35.9380037242097,0.939710763415972,0.791066280091027,6.34500135203393,3.1717121330606
"YW5RIC2A_2.csv",7.19885495643036,1.65716647887343,-42.188597806709,1.12093487896072e-08,33.5967043929273,-155.455716250631,0.649120815191576,22.0542949968277,-150.992242069771,0.638422437000525,37.3745470469536,-71.4147419592378,3.30276645774676,0.683906274767087,14.3330722816292,49.3874527631394
"YW5RIC2A_4.csv",11.2853605072899,1.52345790216866,1.08059207214294,0.000580075115452141,11.7071544444729,-2.98689028884121,0.833673668423818,8.73531943297403,-3.67321504095974,0.83069568923861,22.6574059613457,Inf,0.95965503337382,0.830367128828373,9.57602640026266,10.204768435147
"YW5RIC2A_5.csv",5.81311437256105,2.02678842984529,-18.0572530385288,5.29123835396101e-06,39.6385860390674,-18.8644043135484,0.399064700431922,15.538852118948,-22.7246460394155,0.388143013719839,23.0023560153688,-9.4976233158559,10033.3192044526,0.720144212295337,7.81351871633358,23.8703674110898
"ZCAWUV8Y.csv",-26.8135421954356,2.71124496102396,-29.8474427266118,1.73688107704138,1.80631866831922,-31.0206055879037,0.381168660423672,1.45821004634495,-30.2518662507338,0.288633206716456,2.44186434686188,-28.2573982106454,0.943790037143953,0.361372592899454,1.593399199806,3.0339005311762
"ZLW7PCRF.csv",-11.3242734017556,2.35313801231184,-33.554238474027,0.570123985895994,4.92601676182216,-29.5707324991208,0.45038328563273,2.3286770235716,-23.4642271919558,0.378283012035781,3.60145520840526,-27.3063827151056,2.49934869239671,0.651590543466965,1.66495232633078,22.2299650722714
"ZTZLQNEE.csv",6.96825364645939,2.79801617755585,-52.332979029999,0.00119521781460884,24.7949513398372,-26.360482252354,0.399990038228824,9.63822020990473,-6.72158124156231,0.381607015761076,14.272497034609,-55.8952207095462,5.71778679253402,0.472529278997563,6.09520762565383,59.3012326764584
